150.1,150.2,150.3,150R.1,150R.2,150R.3,149.1,149.2,149.3,1.1,1.2,1.3,2.2,3.3,7.1,7.2,7.3,4.3,5.3,6.3,8.1,8.2,8.3,12.2,9.1,13.1,13.2,13.3,9R.1,14.1,34.3,18.1,18.2,18.3,11.1,10.1,15.3,16.3,17.3,19.1,21.1,21.2,21.3,20.1,22.2,23.1,23.2,23.3,24.3,25.1,25.2,25.3,25R.1,25R.3,26.1,26.3,28.1,28.2,28.3,27.1,27.3,31.3,33.1,29.1,29.2,29.3,30.1,30.2,30.3,250.1,250.2,250.3,32.3,35.1,35.2,36.1,36.2,35.3,40.1,40.2,40.3,37.1,38.2,39.2,41.3,42.1,42.2,42.3,43.2,44.1,44.2,44.3,45.1,47.1,47.2,47.3,46.1,48.1,48.2,48.3,49.1,49.2,49.3,50.1,50.2,50.3,51.1,51.2,51.3,151.1,151.2,151.3,52.1,52.2,52.3,53.1,53.2,53.3,54.1,54.2,54.3,55.1,55.2,55.3,57.1,57.2,57.3,56.1,56.2,56.3,58.2,60.1,60.2,60.3,59.2,61.1,61.2,61.3,62.1,62.2,62.3,63.1,63.2,63.3,64.1,64.2,64.3,65.1,65.2,65.3,66.1,66.2,66.3,67.1,68.1,67.2,67.3,72.1,72.2,72.3,97.1,97.2,97.3,69.1,70.1,71.1,73.3,76.1,76.2,76.3,74.3,75.3,77.1,77.2,77.3,86.1,86.2,86.3,78.1,78.2,78.3,79.1,79.2,79.3,80.1,80.2,80.3,81.1,81.2,81.3,82.1,82.2,82.3,84.3,83.1,83.2,83.3,85.3,87.1,87.2,87.3,88.1,89.1,89.2,89.3,90.2,91.1,91.2,91.3,92.3,93.1,93.2,93.3,94.1,95.1,95.2,95.3,96.2,98.1,98.2,98.3,99.1,99.2,99.3,100.1,100.2,100.3,450.1,450.2,450.3,197.1,197.2,197.3,101.1,101.2,101.3,102.3,105.1,105.2,105.3,103.3,104.3,106.2,108.1,108.2,108.3,107.2,109.1,300.1,300.2,300.3,110.1,111.1,112.1,113.1,114.1,135.1,135.2,135.3,152.1,152.2,152.3,160R.1,160R.2,160R.3,160.1,160.2,160.3,61S.1,61S.2,61S.3,300_OPEN.1,300_OPEN.2,300_OPEN.3,94_OPEN.1,610.1,610.2,610.3,time
-1133.714067382572,-757.7731422343599,-944.8369820101195,0.0,0.0,0.0,0.0,0.0,0.0,31.15368241298653,0.0,0.0,15.972943903237086,0.0,15.068456090486459,0.0,0.0,31.303706206670167,15.558964571839818,31.483944714908425,0.0,0.0,0.0,15.422803925711632,30.35209821526049,0.0,0.0,0.0,0.0,0.0,31.248432291615693,0.0,0.0,0.0,31.720701146494257,15.638322687436112,0.0,32.07289586213802,15.638441092494842,29.762255032906268,0.0,0.0,0.0,31.548229473152382,30.90142268340718,0.0,0.0,0.0,30.91871111342303,0.0,0.0,0.0,0.0,0.0,0.0,0.0,30.872368504078334,0.0,0.0,0.0,0.0,15.757446537606615,29.72549390890966,30.648781083206647,0.0,0.0,0.0,0.0,30.19348913380062,0.0,0.0,0.0,15.444107122623308,19.515910726829365,11.048768458723544,0.0,0.0,0.0,0.0,0.0,0.0,30.68837348392965,15.459692199416512,15.533576892150027,15.804582826493245,15.022850785368627,0.0,0.0,31.484147366855424,0.0,0.0,0.0,15.361332237644486,25.92272561322278,26.535415370554624,26.174071046855136,15.457003211863386,69.45726883157235,71.09939303919097,70.13435307258692,26.504676839508107,54.13268383713404,35.08740201557167,0.0,0.0,32.09529466400313,15.470041397785804,0.0,0.0,0.0,0.0,0.0,31.037770167660682,0.0,0.0,31.204560230243338,0.0,0.0,0.0,0.0,0.0,15.560833090258255,0.0,0.0,0.0,0.0,0.0,0.0,15.723779876654422,0.0,16.34997428702091,14.989000634670855,0.0,0.0,15.561288973152667,0.0,0.0,0.0,0.0,0.0,31.029013822725695,29.643384801380545,0.0,0.0,0.0,56.54024138675772,0.0,33.80797710675992,26.462093221099007,45.26361401456707,0.0,0.0,56.1529734351917,0.0,15.418336195924184,0.0,0.0,0.0,0.0,0.0,0.0,0.0,0.0,31.599476984970288,15.433001190674482,30.674873960741845,32.63842108783317,75.69982457290342,61.54833667211912,56.21011039147678,31.34707380806378,31.86356168974516,0.0,31.226352596261815,0.0,0.0,15.861657677192067,0.0,0.0,0.0,0.0,31.71149595985153,0.0,0.0,0.0,32.33415439771198,0.0,0.0,0.0,0.0,33.000530874905195,0.0,0.0,15.543268937035998,0.0,0.0,15.468645410423772,32.078800397945365,0.0,31.59733512221602,0.0,31.46944205401941,0.0,0.0,0.0,30.9967525302645,0.0,0.0,0.0,32.240266567173876,0.0,0.0,0.0,32.29170940392874,0.0,15.985940514640985,0.0,16.441935958428544,31.060632563402702,0.0,0.0,0.0,31.197857694360387,0.0,0.0,0.0,31.828212234157125,0.0,0.0,0.0,0.0,0.0,0.0,0.0,0.0,0.0,16.191882115008,0.0,0.0,0.0,33.40758633817581,32.73557309871945,33.54122643079693,0.0,0.0,0.0,32.164896193002846,31.063958601382463,0.0,0.0,0.0,0.0,15.556421538689234,16.313159781354795,30.42773786073964,15.713265812696696,0.0,0.0,0.0,0.0,0.0,0.0,0.0,0.0,0.0,0.0,0.0,0.0,0.0,0.0,0.0,0.0,0.0,0.0,0.0,0.0,0.0,0.0,2018-05-01 00:00:00
-1133.714067382572,-757.7731422343599,-944.8369820101195,0.0,0.0,0.0,0.0,0.0,0.0,31.15368241298653,0.0,0.0,15.972943903237086,0.0,15.068456090486459,0.0,0.0,31.303706206670167,15.558964571839818,31.483944714908425,0.0,0.0,0.0,15.422803925711632,30.35209821526049,0.0,0.0,0.0,0.0,0.0,31.248432291615693,0.0,0.0,0.0,31.720701146494257,15.638322687436112,0.0,32.07289586213802,15.638441092494842,29.762255032906268,0.0,0.0,0.0,31.548229473152382,30.90142268340718,0.0,0.0,0.0,30.91871111342303,0.0,0.0,0.0,0.0,0.0,0.0,0.0,30.872368504078334,0.0,0.0,0.0,0.0,15.757446537606615,29.72549390890966,30.648781083206647,0.0,0.0,0.0,0.0,30.19348913380062,0.0,0.0,0.0,15.444107122623308,19.515910726829365,11.048768458723544,0.0,0.0,0.0,0.0,0.0,0.0,30.68837348392965,15.459692199416512,15.533576892150027,15.804582826493245,15.022850785368627,0.0,0.0,31.484147366855424,0.0,0.0,0.0,15.361332237644486,25.92272561322278,26.535415370554624,26.174071046855136,15.457003211863386,69.45726883157235,71.09939303919097,70.13435307258692,26.504676839508107,54.13268383713404,35.08740201557167,0.0,0.0,32.09529466400313,15.470041397785804,0.0,0.0,0.0,0.0,0.0,31.037770167660682,0.0,0.0,31.204560230243338,0.0,0.0,0.0,0.0,0.0,15.560833090258255,0.0,0.0,0.0,0.0,0.0,0.0,15.723779876654422,0.0,16.34997428702091,14.989000634670855,0.0,0.0,15.561288973152667,0.0,0.0,0.0,0.0,0.0,31.029013822725695,29.643384801380545,0.0,0.0,0.0,56.54024138675772,0.0,33.80797710675992,26.462093221099007,45.26361401456707,0.0,0.0,56.1529734351917,0.0,15.418336195924184,0.0,0.0,0.0,0.0,0.0,0.0,0.0,0.0,31.599476984970288,15.433001190674482,30.674873960741845,32.63842108783317,75.69982457290342,61.54833667211912,56.21011039147678,31.34707380806378,31.86356168974516,0.0,31.226352596261815,0.0,0.0,15.861657677192067,0.0,0.0,0.0,0.0,31.71149595985153,0.0,0.0,0.0,32.33415439771198,0.0,0.0,0.0,0.0,33.000530874905195,0.0,0.0,15.543268937035998,0.0,0.0,15.468645410423772,32.078800397945365,0.0,31.59733512221602,0.0,31.46944205401941,0.0,0.0,0.0,30.9967525302645,0.0,0.0,0.0,32.240266567173876,0.0,0.0,0.0,32.29170940392874,0.0,15.985940514640985,0.0,16.441935958428544,31.060632563402702,0.0,0.0,0.0,31.197857694360387,0.0,0.0,0.0,31.828212234157125,0.0,0.0,0.0,0.0,0.0,0.0,0.0,0.0,0.0,16.191882115008,0.0,0.0,0.0,33.40758633817581,32.73557309871945,33.54122643079693,0.0,0.0,0.0,32.164896193002846,31.063958601382463,0.0,0.0,0.0,0.0,15.556421538689234,16.313159781354795,30.42773786073964,15.713265812696696,0.0,0.0,0.0,0.0,0.0,0.0,0.0,0.0,0.0,0.0,0.0,0.0,0.0,0.0,0.0,0.0,0.0,0.0,0.0,0.0,0.0,0.0,2018-05-01 00:00:00
-1097.3161602115715,-734.0182423535973,-917.0280436729585,0.0,0.0,0.0,0.0,0.0,0.0,30.06842153411011,0.0,0.0,15.47425243279008,0.0,14.518228067161344,0.0,0.0,30.25329489316332,15.01338088246258,30.44852611396903,0.0,0.0,0.0,14.835540694892222,29.315182719174768,0.0,0.0,0.0,0.0,0.0,30.18064385638461,0.0,0.0,0.0,30.727501052013018,15.14121257199261,0.0,31.12821645073409,15.139297343597493,28.712437631981977,0.0,0.0,0.0,30.59586631432417,29.83476399638169,0.0,0.0,0.0,29.91151049141416,0.0,0.0,0.0,0.0,0.0,0.0,0.0,29.897363720198154,0.0,0.0,0.0,0.0,15.267895356191966,28.610589099786303,29.61534171078791,0.0,0.0,0.0,0.0,29.128484419594578,0.0,0.0,0.0,14.946837066907802,18.897329540752448,10.685778420741348,0.0,0.0,0.0,0.0,0.0,0.0,29.70209814133285,14.921248522243333,14.996345978545968,15.346375462231377,14.504199677933181,0.0,0.0,30.460023672943557,0.0,0.0,0.0,14.876310613751548,24.985847213096864,25.55332717736347,25.212788581020533,14.974447869673277,69.55308651310206,71.13326317646663,70.18844661991922,25.634426734604727,52.16426250475695,35.114431972471316,0.0,0.0,31.1696349081703,15.007566010622252,0.0,0.0,0.0,0.0,0.0,30.044466531531437,0.0,0.0,30.21282235492594,0.0,0.0,0.0,0.0,0.0,15.08871384478761,0.0,0.0,0.0,0.0,0.0,0.0,15.213538333518347,0.0,15.873302336794561,14.506149288681907,0.0,0.0,15.030902453228059,0.0,0.0,0.0,0.0,0.0,30.050368580762786,28.586002008520687,0.0,0.0,0.0,54.5093576627421,0.0,32.64522849446628,25.506684530085504,43.750958256115936,0.0,0.0,54.04523189814858,0.0,14.854031989783746,0.0,0.0,0.0,0.0,0.0,0.0,0.0,0.0,30.578527759586382,14.914330251436654,29.532159590373865,31.66371347749963,73.08714795169978,59.34279223045778,54.39143215807525,30.21565125561174,30.781246797664824,0.0,30.05499711297323,0.0,0.0,15.328066974357219,0.0,0.0,0.0,0.0,30.609604608005924,0.0,0.0,0.0,31.32500177976359,0.0,0.0,0.0,0.0,32.08291315474167,0.0,0.0,14.996618932099562,0.0,0.0,14.914989940640991,31.048628811360587,0.0,30.494359647419458,0.0,30.382180769352114,0.0,0.0,0.0,29.839571426390066,0.0,0.0,0.0,31.25541500545753,0.0,0.0,0.0,31.307709842637937,0.0,15.461447375483873,0.0,15.924101855923233,29.97036616566775,0.0,0.0,0.0,30.051900700191457,0.0,0.0,0.0,30.79124038291068,0.0,0.0,0.0,0.0,0.0,0.0,0.0,0.0,0.0,15.719985021573201,0.0,0.0,0.0,32.49961574128433,31.79912347094545,32.58305536644368,0.0,0.0,0.0,31.113900915829014,30.018065742427233,0.0,0.0,0.0,0.0,15.050958391411207,15.859211364001416,29.288502422924,15.209846326284334,0.0,0.0,0.0,0.0,0.0,0.0,0.0,0.0,0.0,0.0,0.0,0.0,0.0,0.0,0.0,0.0,0.0,0.0,0.0,0.0,0.0,0.0,2018-05-01 01:00:00
-1077.8433319075896,-721.8562710612628,-899.6248782811791,0.0,0.0,0.0,0.0,0.0,0.0,29.446710817126696,0.0,0.0,15.1776179613663,0.0,14.322498491625563,0.0,0.0,29.67560187338355,14.705363725272319,29.82826479589533,0.0,0.0,0.0,14.509497382974097,28.922678463347026,0.0,0.0,0.0,0.0,0.0,29.44243230762028,0.0,0.0,0.0,29.930017950551992,14.821550300704232,0.0,30.37506587470174,14.842851844882562,28.329946775603183,0.0,0.0,0.0,29.80084762489171,29.343018582999917,0.0,0.0,0.0,29.32554948060469,0.0,0.0,0.0,0.0,0.0,0.0,0.0,29.290590980255335,0.0,0.0,0.0,0.0,14.89991772780216,28.20722145958894,28.948306890608844,0.0,0.0,0.0,0.0,28.65581435164076,0.0,0.0,0.0,14.669546377470807,18.634222781717185,10.530884132489224,0.0,0.0,0.0,0.0,0.0,0.0,29.108229431964205,14.64767898721039,14.697389870892298,15.043300378734417,14.253763054599954,0.0,0.0,29.812181810246397,0.0,0.0,0.0,14.576742744024159,24.582366478634967,25.12884511513856,24.800827408715225,14.644732515896004,69.60243226000071,71.15020968978997,70.22460191727423,25.18661471478757,50.93534801514077,35.13256939606962,0.0,0.0,30.336656094511792,14.717645544137508,0.0,0.0,0.0,0.0,0.0,29.389448098987167,0.0,0.0,29.47597544050766,0.0,0.0,0.0,0.0,0.0,14.782655745303295,0.0,0.0,0.0,0.0,0.0,0.0,14.941723780972543,0.0,15.444078030321267,14.334487178499222,0.0,0.0,14.751963282610781,0.0,0.0,0.0,0.0,0.0,29.45838273287136,28.131730188467124,0.0,0.0,0.0,53.86542336006814,0.0,32.188266404211475,25.13939217589467,42.97012787468069,0.0,0.0,52.8669276707285,0.0,14.60556630069135,0.0,0.0,0.0,0.0,0.0,0.0,0.0,0.0,30.045157927225404,14.752652457806533,29.020738077339846,30.923130705357774,71.78826912576159,58.3532587922128,53.1252807212616,29.544703569268258,30.031933947705358,0.0,29.53304564898811,0.0,0.0,15.085986544934114,0.0,0.0,0.0,0.0,29.90160915022409,0.0,0.0,0.0,30.819445389391106,0.0,0.0,0.0,0.0,31.396841075974802,0.0,0.0,14.777388488691889,0.0,0.0,14.729128463962946,30.39369821972595,0.0,29.962925129931907,0.0,29.7666163250516,0.0,0.0,0.0,29.391076989669322,0.0,0.0,0.0,30.6917165400922,0.0,0.0,0.0,30.624669975138012,0.0,15.187254136428942,0.0,15.502531210433212,29.4876230298668,0.0,0.0,0.0,29.579066799635473,0.0,0.0,0.0,30.197482919524123,0.0,0.0,0.0,0.0,0.0,0.0,0.0,0.0,0.0,15.428521947843615,0.0,0.0,0.0,31.61986407735972,31.071718025904378,31.717650987537617,0.0,0.0,0.0,30.501248682089635,29.56151999413218,0.0,0.0,0.0,0.0,14.841295932626917,15.501281594441473,28.790825640939328,14.936666910491056,0.0,0.0,0.0,0.0,0.0,0.0,0.0,0.0,0.0,0.0,0.0,0.0,0.0,0.0,0.0,0.0,0.0,0.0,0.0,0.0,0.0,0.0,2018-05-01 02:00:00
-1069.1733399426503,-716.5146253054832,-891.4378347080694,0.0,0.0,0.0,0.0,0.0,0.0,29.175912403105475,0.0,0.0,15.016106383995236,0.0,14.247914483945774,0.0,0.0,29.400820969027183,14.57263467836358,29.526228966169533,0.0,0.0,0.0,14.392625798005865,28.7400113688798,0.0,0.0,0.0,0.0,0.0,29.12045251845517,0.0,0.0,0.0,29.540855151339493,14.662488557186249,0.0,29.96992675360648,14.692808587467956,28.175142302941303,0.0,0.0,0.0,29.401301284201686,29.119333804439695,0.0,0.0,0.0,29.041881639824183,0.0,0.0,0.0,0.0,0.0,0.0,0.0,28.989164717324424,0.0,0.0,0.0,0.0,14.715926154339947,28.07894762574237,28.656906967736493,0.0,0.0,0.0,0.0,28.459874146067136,0.0,0.0,0.0,14.531148394061303,18.493350559347135,10.448699180328152,0.0,0.0,0.0,0.0,0.0,0.0,28.82174291059262,14.527631144142175,14.56540510609063,14.867487899374504,14.14782363587312,0.0,0.0,29.495616384025954,0.0,0.0,0.0,14.428392775582838,24.43270232892492,24.970506961993113,24.64838827666387,14.48155386851601,69.62405297681426,71.15707231699142,70.24229555091858,24.97513578045424,50.451386657282725,35.14147393430109,0.0,0.0,29.891382613160147,14.559808115577267,0.0,0.0,0.0,0.0,0.0,29.07461903338618,0.0,0.0,29.126518675879925,0.0,0.0,0.0,0.0,0.0,14.62174203726909,0.0,0.0,0.0,0.0,0.0,0.0,14.803385874880187,0.0,15.215919310460343,14.24563668533469,0.0,0.0,14.625137481421532,0.0,0.0,0.0,0.0,0.0,29.162734133593396,27.96329575606352,0.0,0.0,0.0,53.61205091588719,0.0,31.996862367096757,24.996835231070555,42.62017790877813,0.0,0.0,52.46633321008418,0.0,14.521766646900701,0.0,0.0,0.0,0.0,0.0,0.0,0.0,0.0,29.795478563990848,14.680269085490863,28.85887748898181,30.540538671590657,71.26253534423475,57.96232777027038,52.54374362673635,29.2934011361491,29.715747711087396,0.0,29.35444217050097,0.0,0.0,14.973473448583627,0.0,0.0,0.0,0.0,29.622282118307066,0.0,0.0,0.0,30.544784091077368,0.0,0.0,0.0,0.0,31.009632488525916,0.0,0.0,14.690697964389557,0.0,0.0,14.660131164454,30.085198497555332,0.0,29.740223303170097,0.0,29.521531245466385,0.0,0.0,0.0,29.240161679915836,0.0,0.0,0.0,30.390898095108614,0.0,0.0,0.0,30.28613791908933,0.0,15.055669943754706,0.0,15.301052160947199,29.3020056374309,0.0,0.0,0.0,29.406295803642983,0.0,0.0,0.0,29.91840884826342,0.0,0.0,0.0,0.0,0.0,0.0,0.0,0.0,0.0,15.262638128203799,0.0,0.0,0.0,31.134696163761713,30.674172845842655,31.251557528557083,0.0,0.0,0.0,30.208048019493194,29.36649505446983,0.0,0.0,0.0,0.0,14.742334202755744,15.304060175147512,28.64005621398195,14.809228093733733,0.0,0.0,0.0,0.0,0.0,0.0,0.0,0.0,0.0,0.0,0.0,0.0,0.0,0.0,0.0,0.0,0.0,0.0,0.0,0.0,0.0,0.0,2018-05-01 03:00:00
-1081.4948958509506,-724.7534220748319,-899.7019734003594,0.0,0.0,0.0,0.0,0.0,0.0,29.551290230420225,0.0,0.0,15.121639573709475,0.0,14.4694506007934,0.0,0.0,29.71871555266211,14.764614872238042,29.81721870218958,0.0,0.0,0.0,14.647771090854487,29.090985316561284,0.0,0.0,0.0,0.0,0.0,29.479671454349585,0.0,0.0,0.0,29.78214123482184,14.791622687257405,0.0,30.12352606468109,14.822231297906715,28.580344697360744,0.0,0.0,0.0,29.604062337002066,29.478206457362866,0.0,0.0,0.0,29.332306539921024,0.0,0.0,0.0,0.0,0.0,0.0,0.0,29.248108896247604,0.0,0.0,0.0,0.0,14.830505066917326,28.580722566330405,29.0080738275012,0.0,0.0,0.0,0.0,28.859963965326116,0.0,0.0,0.0,14.668178400562597,18.66153219477046,10.54826809938741,0.0,0.0,0.0,0.0,0.0,0.0,29.105158287971445,14.714811531335775,14.748350450810193,14.93377011219993,14.337861473909992,0.0,0.0,29.775066230547864,0.0,0.0,0.0,14.558679582480524,24.821379280330472,25.375243151334246,25.047347537324576,14.605111033391662,69.59080933688294,71.14413445734635,70.22796870427743,25.247672647064924,51.2293772080331,35.134386101720644,0.0,0.0,30.020579336369504,14.654104742016996,0.0,0.0,0.0,0.0,0.0,29.352479960381274,0.0,0.0,29.39969981303689,0.0,0.0,0.0,0.0,0.0,14.726641771802127,0.0,0.0,0.0,0.0,0.0,0.0,14.940814816657563,0.0,15.284724478615844,14.392823967330058,0.0,0.0,14.799791316652186,0.0,0.0,0.0,0.0,0.0,29.423134182745134,28.402567380864888,0.0,0.0,0.0,54.411164990999445,0.0,32.43257109111203,25.377310139681093,43.13248281535397,0.0,0.0,53.43092576446503,0.0,14.773615939000447,0.0,0.0,0.0,0.0,0.0,0.0,0.0,0.0,30.119338166450387,14.867084551063096,29.39167173005264,30.74300165523362,72.26813043813316,58.8296799757581,53.09762479367001,29.76851402039974,30.102990386098693,0.0,29.87141624593128,0.0,0.0,15.148945375058704,0.0,0.0,0.0,0.0,30.059249716437826,0.0,0.0,0.0,30.789109900674354,0.0,0.0,0.0,0.0,31.13672441992227,0.0,0.0,14.905872253936007,0.0,0.0,14.887002595622901,30.391105193673788,0.0,30.148299154907246,0.0,29.947587771343,0.0,0.0,0.0,29.748593281514836,0.0,0.0,0.0,30.620420919893213,0.0,0.0,0.0,30.536104590088552,0.0,15.214781621396396,0.0,15.434587810556916,29.74242607745234,0.0,0.0,0.0,29.885309582042517,0.0,0.0,0.0,30.23706268268175,0.0,0.0,0.0,0.0,0.0,0.0,0.0,0.0,0.0,15.345615663327262,0.0,0.0,0.0,31.214866156451638,30.820567064507017,31.377339699245955,0.0,0.0,0.0,30.51779353033221,29.749306310145432,0.0,0.0,0.0,0.0,14.908861698383918,15.370548531438299,29.18317931181226,14.968537838153141,0.0,0.0,0.0,0.0,0.0,0.0,0.0,0.0,0.0,0.0,0.0,0.0,0.0,0.0,0.0,0.0,0.0,0.0,0.0,0.0,0.0,0.0,2018-05-01 04:00:00
-1125.9727522662845,-754.0050593901894,-932.267750584678,0.0,0.0,0.0,0.0,0.0,0.0,30.89618276839895,0.0,0.0,15.636421370646735,0.0,15.182088805735793,0.0,0.0,30.945785991955823,15.445234034185278,30.999381258806203,0.0,0.0,0.0,15.455479045181184,30.333280132067927,0.0,0.0,0.0,0.0,0.0,30.80625157943996,0.0,0.0,0.0,30.887223512428378,15.345822775803375,0.0,31.055262659461636,15.374763313306245,29.913459181805198,0.0,0.0,0.0,30.623553334557215,30.76623277288305,0.0,0.0,0.0,30.49119124619811,0.0,0.0,0.0,0.0,0.0,0.0,0.0,30.340768913551237,0.0,0.0,0.0,0.0,15.364744995108309,30.107597633543136,30.289715607036364,0.0,0.0,0.0,0.0,30.20866555473173,0.0,0.0,0.0,15.228578109640043,19.342405997748553,10.949479121161415,0.0,0.0,0.0,0.0,0.0,0.0,30.24100765114568,15.378230925976933,15.4082165659733,15.363471544030038,14.989873801033552,0.0,0.0,30.936195625408043,0.0,0.0,0.0,15.10418277777696,26.062673992256844,26.67318369199651,26.321782334212916,15.143152038558176,69.47272672814523,71.10058062888015,70.16703432597654,26.273444255715226,53.83575449760544,35.10403851533567,0.0,0.0,30.914614291405304,15.128119124925155,0.0,0.0,0.0,0.0,0.0,30.493189946099367,0.0,0.0,30.544481390660188,0.0,0.0,0.0,0.0,0.0,15.225549260888435,0.0,0.0,0.0,0.0,0.0,0.0,15.508828147835503,0.0,15.74849631199563,14.943878286899297,0.0,0.0,15.439443394918104,0.0,0.0,0.0,0.0,0.0,30.518510516075988,29.803703278879905,0.0,0.0,0.0,56.99990731847012,0.0,33.89296136021748,26.612124683773793,44.97655140262428,0.0,0.0,56.40606347661403,0.0,15.549356418723086,0.0,0.0,0.0,0.0,0.0,0.0,0.0,0.0,31.329886167426018,15.500234191178206,30.999214247382533,31.767970147491226,75.631898076303,61.68453318396449,55.26742953806469,31.30483573300827,31.483828384533105,0.0,31.47483270533021,0.0,0.0,15.78611556188676,0.0,0.0,0.0,0.0,31.52230216308019,0.0,0.0,0.0,31.864490474388052,0.0,0.0,0.0,0.0,32.00034380821576,0.0,0.0,15.609781378051945,0.0,0.0,15.608442667935156,31.598664932019236,0.0,31.540970240593758,0.0,31.37058340432287,0.0,0.0,0.0,31.318744206115763,0.0,0.0,0.0,31.667133801963598,0.0,0.0,0.0,31.63152772355793,0.0,15.825640110547017,0.0,16.02365265702246,31.169576732724043,0.0,0.0,0.0,31.406532694658047,0.0,0.0,0.0,31.45948674825039,0.0,0.0,0.0,0.0,0.0,0.0,0.0,0.0,0.0,15.808194144566107,0.0,0.0,0.0,32.02903456100137,31.732618009683847,32.29053893419394,0.0,0.0,0.0,31.73733903131213,31.055292831087762,0.0,0.0,0.0,0.0,15.50951243632701,15.80622396177375,30.802340330596223,15.566310147932462,0.0,0.0,0.0,0.0,0.0,0.0,0.0,0.0,0.0,0.0,0.0,0.0,0.0,0.0,0.0,0.0,0.0,0.0,0.0,0.0,0.0,0.0,2018-05-01 05:00:00
-1215.8856468446716,-813.5205205306127,-996.8806826301658,0.0,0.0,0.0,0.0,0.0,0.0,33.53910381390482,0.0,0.0,16.767480523636696,0.0,16.691597694158943,0.0,0.0,33.4841384112318,16.7831292997499,33.41882894502308,0.0,0.0,0.0,16.953691208160368,33.07804545164873,0.0,0.0,0.0,0.0,0.0,33.249254370250824,0.0,0.0,0.0,32.93104419389412,16.46897092799407,0.0,32.926583845081275,16.531671434214953,32.758019186328845,0.0,0.0,0.0,32.51632580104038,33.48987166028649,0.0,0.0,0.0,32.87000174082367,0.0,0.0,0.0,0.0,0.0,0.0,0.0,32.57008576562468,0.0,0.0,0.0,0.0,16.39709379380463,33.20625586084428,32.70637379738351,0.0,0.0,0.0,0.0,32.99151642775432,0.0,0.0,0.0,16.4100155416045,20.900009782203192,11.867621075427474,0.0,0.0,0.0,0.0,0.0,0.0,32.54137721645797,16.730178909273377,16.723069986677352,16.333884735714257,16.313652228227735,0.0,0.0,33.27889051261228,0.0,0.0,0.0,16.217045614153303,28.55757338216511,29.292047931433284,28.89160740665416,16.207665592680797,69.23254599138659,71.0136227558215,70.04599319135502,28.41372483767154,58.613873216737545,35.043713963483725,0.0,0.0,32.61627279733865,16.152657898791514,0.0,0.0,0.0,0.0,0.0,32.73717858535425,0.0,0.0,32.684880057618294,0.0,0.0,0.0,0.0,0.0,16.268931593346796,0.0,0.0,0.0,0.0,0.0,0.0,16.732752680668572,0.0,16.6263600208977,16.212897317968103,0.0,0.0,16.749217000089537,0.0,0.0,0.0,0.0,0.0,32.77869333805211,32.61582544207791,0.0,0.0,0.0,62.634972009850856,0.0,36.98408608648222,29.19531327001856,48.73648500492593,0.0,0.0,61.80817224837984,0.0,17.060476438479792,0.0,0.0,0.0,0.0,0.0,0.0,0.0,0.0,33.8295583756107,16.917860868389223,34.072399547353946,33.7852563485477,82.29066558259866,67.47334148322483,59.34743964768856,34.11605803905494,33.97870165507763,0.0,34.61048254496859,0.0,0.0,17.14569863222145,0.0,0.0,0.0,0.0,34.16118447383724,0.0,0.0,0.0,34.28850131089902,0.0,0.0,0.0,0.0,33.839682988190496,0.0,0.0,17.072843542939793,0.0,0.0,17.14139746761058,33.97361329684407,0.0,34.36348520331226,0.0,34.06315769422031,0.0,0.0,0.0,34.48968419195588,0.0,0.0,0.0,33.94365344234155,0.0,0.0,0.0,33.78267395585304,0.0,17.106042482140175,0.0,17.089874121775157,34.03767262248096,0.0,0.0,0.0,34.490249459656276,0.0,0.0,0.0,33.93760337862993,0.0,0.0,0.0,0.0,0.0,0.0,0.0,0.0,0.0,16.845936190161606,0.0,0.0,0.0,33.576234176350155,33.60183214858425,34.0378882839062,0.0,0.0,0.0,34.22246406980998,33.77057966096562,0.0,0.0,0.0,0.0,16.81460079073187,16.69828920482327,33.890104498282724,16.78572901542042,0.0,0.0,0.0,0.0,0.0,0.0,0.0,0.0,0.0,0.0,0.0,0.0,0.0,0.0,0.0,0.0,0.0,0.0,0.0,0.0,0.0,0.0,2018-05-01 06:00:00
-1242.9789825128764,-828.9463874270624,-1015.0301998030501,0.0,0.0,0.0,0.0,0.0,0.0,35.4163119324748,0.0,0.0,17.53860439800731,0.0,15.882552413716418,-1.9782904987219714,-1.9451410786336887,35.270961965685046,17.734277649081715,35.101112549406835,0.0,0.0,0.0,18.038669789671644,35.0728114024509,0.0,0.0,0.0,0.0,0.0,34.955689127921445,0.0,0.0,0.0,34.29791923935788,17.24458399143375,0.0,34.142451345035546,17.334771964234754,34.850322319291124,0.0,0.0,0.0,33.76609950655973,35.4418723760571,0.0,0.0,0.0,34.53875266457436,0.0,0.0,0.0,0.0,0.0,0.0,0.0,34.12170749125862,0.0,0.0,0.0,0.0,17.091939644028464,35.51236345145924,30.63539886409458,-4.020241897344256,-3.855028240215864,0.0,0.0,35.015734004102654,0.0,0.0,0.0,17.23902140347026,22.013989858455332,12.519702039696558,0.0,0.0,0.0,0.0,0.0,0.0,34.15498204422029,17.696245779622362,17.655610960900425,16.979514885546042,17.272731827768194,0.0,0.0,34.895576600339524,0.0,0.0,0.0,16.992761764553332,30.39212508060241,31.205147511788564,30.77824417526877,16.940013098443778,69.1124862000384,70.96179694306839,69.99417925270306,26.20504603611812,58.05937498836919,31.174791484561645,0.0,0.0,33.688472855756416,16.854030469620078,0.0,0.0,0.0,0.0,0.0,34.299152679853826,0.0,0.0,34.156077246524674,0.0,0.0,0.0,0.0,0.0,13.701590857617413,-3.4899587187622805,-3.3830431967625634,0.0,0.0,0.0,0.0,17.586913759504597,0.0,17.173615838758966,17.13976200436381,0.0,0.0,17.67713913784114,0.0,0.0,0.0,0.0,0.0,34.357129940496854,30.851192408530014,-4.093624819414278,-3.957600014221374,0.0,66.77130597265344,0.0,39.24467851243817,31.08394252929184,51.446292964997156,0.0,0.0,65.76426918723615,0.0,13.47675768438138,0.0,0.0,0.0,0.0,0.0,0.0,0.0,0.0,35.63127162067876,17.96925298220173,36.365418486785764,35.138701309819965,87.13892203440803,71.67955924409462,62.21056840564158,36.154135956563195,35.74105601007223,0.0,36.90479424141558,0.0,0.0,18.11687668018214,0.0,0.0,0.0,0.0,36.06950470170358,0.0,0.0,-4.556562926262477,31.301258158162796,-4.576328464837787,0.0,0.0,0.0,35.06697273104,0.0,0.0,18.149638248759047,0.0,0.0,18.279738249293498,35.64112597597123,-4.514990253235176,31.766584548236274,-4.573925202586339,36.02516915007806,0.0,0.0,0.0,36.82179255416627,0.0,0.0,0.0,35.53165729950103,0.0,0.0,0.0,35.278599163424275,0.0,18.00790730537111,0.0,17.79834173381172,36.15609941843976,0.0,0.0,0.0,36.7413671687443,0.0,0.0,0.0,35.69498404219153,0.0,0.0,0.0,0.0,0.0,0.0,0.0,0.0,0.0,17.553136462927856,0.0,0.0,0.0,34.518668119079095,34.831119434424885,35.11731943760588,0.0,0.0,0.0,35.951347492386354,35.76764557172416,0.0,0.0,0.0,0.0,17.770991159320285,17.292663695826505,31.01374973824214,17.667297776809033,0.0,0.0,0.0,0.0,0.0,0.0,0.0,0.0,0.0,0.0,0.0,0.0,0.0,0.0,0.0,0.0,0.0,0.0,0.0,0.0,0.0,0.0,2018-05-01 07:00:00
-1295.4846041934711,-866.3929376704758,-1052.7221470917868,0.0,0.0,0.0,0.0,0.0,0.0,35.8674827938615,0.0,0.0,17.727875148975254,0.0,18.07386891391112,-0.00023446111502239958,-0.00023041220942731998,35.70684434667922,17.96563658992388,35.508826289901194,0.0,0.0,0.0,18.304032281750573,35.551621365323655,0.0,0.0,0.0,0.0,0.0,35.35358727275465,0.0,0.0,0.0,34.60118249342207,17.422937671190443,0.0,34.41773784410476,17.52480878325974,35.34396281520736,0.0,0.0,0.0,34.031196540400316,35.922374843494126,0.0,0.0,0.0,34.93036963086604,0.0,0.0,0.0,0.0,0.0,0.0,0.0,34.469362371808806,0.0,0.0,0.0,0.0,17.249207150272955,36.05619607011272,34.79724518436901,-0.00013915206816056245,-0.0001332850538093538,0.0,0.0,35.49958304976671,0.0,0.0,0.0,17.433996766459167,22.27166848639639,12.681854374197426,0.0,0.0,0.0,0.0,0.0,0.0,34.51911544628738,17.932464095494304,17.88224016162348,17.128251670924666,17.494169194900323,0.0,0.0,35.283891292390955,0.0,0.0,0.0,17.166247040637842,30.818738742749492,31.67527673995556,31.231418074313037,17.101297937176973,69.01613385302831,70.93477461721744,69.94396892726043,30.29059274271304,62.836210449979575,34.99286416487481,0.0,0.0,33.919403161933424,17.009140827293123,0.0,0.0,0.0,0.0,0.0,34.643765234104066,0.0,0.0,34.470745148064466,0.0,0.0,0.0,0.0,0.0,17.14195429078207,-8.357660640016243e-05,-8.0910422184308e-05,0.0,0.0,0.0,0.0,17.797278733715498,0.0,17.299680637130557,17.345674999572015,0.0,0.0,17.90523515588582,0.0,0.0,0.0,0.0,0.0,34.713837839654225,35.15832323294065,-2.0920896786432636e-05,-2.019300953185664e-05,0.0,67.80162141512585,0.0,39.76822609350501,31.549681986453827,52.05424199221933,0.0,0.0,66.67390156618013,0.0,18.430757659294645,0.0,0.0,0.0,0.0,0.0,0.0,0.0,0.0,36.01217337546922,18.20178913056543,36.867821871958995,35.42879435771731,88.21754644205389,72.70284914724536,62.81208392014155,36.616771353267204,36.13166269754113,0.0,37.46774162902142,0.0,0.0,18.355014668297954,0.0,0.0,0.0,0.0,36.466585952087634,0.0,0.0,-0.0004456371095484465,36.38676353460716,-0.00044857201370970373,0.0,0.0,0.0,35.29695501651255,0.0,0.0,18.399498838069583,0.0,0.0,18.546453197367157,36.01010931005945,-0.0006205698282013851,36.88556518073673,-0.0006301859985115004,36.43888049962972,0.0,0.0,0.0,37.395559837322864,0.0,0.0,0.0,35.88608352146805,0.0,0.0,0.0,35.57465057067119,0.0,18.226758134002477,0.0,17.962001238414558,36.61805364461026,0.0,0.0,0.0,37.2997391094307,0.0,0.0,0.0,36.09258119271908,0.0,0.0,0.0,0.0,0.0,0.0,0.0,0.0,0.0,17.70958634309232,0.0,0.0,0.0,34.70028777566932,35.091061124927265,35.36664968411626,0.0,0.0,0.0,36.37440629310498,36.19406105094207,0.0,0.0,0.0,0.0,17.97342144234253,17.398591295112293,36.70291767992836,17.84538183032046,0.0,0.0,0.0,0.0,0.0,0.0,0.0,0.0,0.0,0.0,0.0,0.0,0.0,0.0,0.0,0.0,0.0,0.0,0.0,0.0,0.0,0.0,2018-05-01 08:00:00
-1212.057117171996,-808.3030761526114,-993.7217778120433,0.0,0.0,0.0,0.0,0.0,0.0,35.75440404387118,0.0,0.0,17.639094045830458,0.0,12.803665519005376,-5.398811538834638,-5.310614987839681,35.57325546855483,17.9064605993488,35.36212094877024,0.0,0.0,0.0,18.257222529512802,35.48457320033547,0.0,0.0,0.0,0.0,0.0,35.232186257653495,0.0,0.0,0.0,34.4500455425226,17.359929498499362,0.0,34.23251042212722,17.458208930644712,35.313046848517054,0.0,0.0,0.0,33.88634681968868,35.809567497408736,0.0,0.0,0.0,34.815482027459026,0.0,0.0,0.0,0.0,0.0,0.0,0.0,34.3673816187466,0.0,0.0,0.0,0.0,17.17339419390683,36.053508926159225,27.75637357097655,-7.397801789283447,-7.098884986672646,0.0,0.0,35.434653497513644,0.0,0.0,0.0,17.37653674011707,22.225368182761397,12.635047592182687,0.0,0.0,0.0,0.0,0.0,0.0,34.42582874893208,17.875381304888425,17.820742022419086,17.045042040201352,17.469044054599205,0.0,0.0,35.13002202042492,0.0,0.0,0.0,17.117102735900914,30.797900333365792,31.60756733012355,31.188128617914085,17.04631464721075,69.13599289464577,70.95403735292147,70.01563928339176,23.448704883706185,55.465899941522515,28.05660082631755,0.0,0.0,33.72516809228979,16.950996838642215,0.0,0.0,0.0,0.0,0.0,34.54771917379898,0.0,0.0,34.369508584640506,0.0,0.0,0.0,0.0,0.0,9.922899165949856,-7.601352057544329,-7.377895306427627,0.0,0.0,0.0,0.0,17.72166173137669,0.0,17.184235013490788,17.339011957531255,0.0,0.0,17.84036464019159,0.0,0.0,0.0,0.0,0.0,34.61367719323347,27.189731845088982,-8.48046594525053,-8.21410177724783,0.0,67.66521632658157,0.0,39.73103484733804,31.484379314060668,51.98887638883025,0.0,0.0,66.62891234774527,0.0,6.578724807307273,0.0,0.0,0.0,0.0,0.0,0.0,0.0,0.0,35.9955107341416,18.214779955106852,36.91931077961759,35.29549812689802,88.16983113179509,72.54345373969393,62.69926872146229,36.576355093687205,36.05455610148036,0.0,37.39475883772342,0.0,0.0,18.29715602491912,0.0,0.0,0.0,0.0,36.46396129604343,0.0,0.0,-9.4321569566774,26.5879963778211,-9.466817992703433,0.0,0.0,0.0,35.202292786128005,0.0,0.0,18.389504337889868,0.0,0.0,18.544048947086992,35.9245729592451,-9.248075639402773,27.336054563554526,-9.363261129328638,36.446858012925325,0.0,0.0,0.0,37.3333233628997,0.0,0.0,0.0,35.78693049851778,0.0,0.0,0.0,35.51941052639019,0.0,18.160979478023982,0.0,17.87011054042701,36.641980059600826,0.0,0.0,0.0,37.2153751564378,0.0,0.0,0.0,36.0127576578768,0.0,0.0,0.0,0.0,0.0,0.0,0.0,0.0,0.0,17.647480347416554,0.0,0.0,0.0,34.51231610586116,34.9432435862374,35.12523334661519,0.0,0.0,0.0,36.21988181910255,36.21748783891241,0.0,0.0,0.0,0.0,17.98250532151474,17.35831400167382,24.723316353821595,17.849613874380196,0.0,0.0,0.0,0.0,0.0,0.0,0.0,0.0,0.0,0.0,0.0,0.0,0.0,0.0,0.0,0.0,0.0,0.0,0.0,0.0,0.0,0.0,2018-05-01 09:00:00
-1289.8846585786596,-863.2151461846025,-1046.2859149302901,0.0,0.0,0.0,0.0,0.0,0.0,35.649438302924786,0.0,0.0,17.654417538356356,0.0,18.078211911436213,-0.0003451720752763148,-0.00033927715358144,35.54915565761958,17.859123318572554,35.31001065590959,0.0,0.0,0.0,18.166783670083053,35.57310445887646,0.0,0.0,0.0,0.0,0.0,35.00567351916735,0.0,0.0,0.0,34.20944945779239,17.310205954929696,0.0,34.09485770841279,17.438845732004648,35.354017748059455,0.0,0.0,0.0,33.64028111043909,35.84681301363591,0.0,0.0,0.0,34.75384201231481,0.0,0.0,0.0,0.0,0.0,0.0,0.0,34.26861529527584,0.0,0.0,0.0,0.0,17.08652469148144,36.02847255807012,34.51328063139827,-0.00016003695828683626,-0.00015334985195641668,0.0,0.0,35.42188916414426,0.0,0.0,0.0,17.36393729868074,22.27711955155134,12.683111732580858,0.0,0.0,0.0,0.0,0.0,0.0,34.325714999017286,17.862669495627014,17.785923798839587,17.045761029885803,17.437074595030595,0.0,0.0,35.05433364131362,0.0,0.0,0.0,17.06818051226908,30.74335421031601,31.59388026252571,31.155283847099803,16.972227271922296,69.02942921475946,70.9396427776718,69.958024687939,30.19133161638363,62.272033570345776,34.999926043442436,0.0,0.0,33.51010480420478,16.92835871455649,0.0,0.0,0.0,0.0,0.0,34.39008643284994,0.0,0.0,34.1285576491813,0.0,0.0,0.0,0.0,0.0,17.043295903179708,-0.00010239749529446916,-9.917609203439378e-05,0.0,0.0,0.0,0.0,17.740554297123534,0.0,17.086888033054922,17.37825441479176,0.0,0.0,17.83182942387333,0.0,0.0,0.0,0.0,0.0,34.53160019669983,35.07531460581593,-2.599100970050641e-05,-2.510341611382614e-05,0.0,67.91614739593648,0.0,39.75088433902165,31.529647225455907,51.85864076420552,0.0,0.0,66.1552121781884,0.0,18.36939927797372,0.0,0.0,0.0,0.0,0.0,0.0,0.0,0.0,35.88635228516878,18.24538529298409,36.722651302506804,35.11359756322289,87.86497189971982,72.50655405555369,62.25002362319184,36.32065901095021,35.768504062716374,0.0,37.33444188868133,0.0,0.0,18.324638508220225,0.0,0.0,0.0,0.0,36.13437187363592,0.0,0.0,-0.0005298519977697541,36.32736845859628,-0.0005334765514726827,0.0,0.0,0.0,35.05131180251976,0.0,0.0,18.381144901995008,0.0,0.0,18.562694030158767,35.76558332978008,-0.0007283092616673362,36.761853429384885,-0.0007397496909135012,36.20576941981747,0.0,0.0,0.0,37.339921211114614,0.0,0.0,0.0,35.75761570810671,0.0,0.0,0.0,35.30365013688073,0.0,18.16462900423423,0.0,17.747271986605064,36.524382662860916,0.0,0.0,0.0,37.226738329314685,0.0,0.0,0.0,35.91218665415721,0.0,0.0,0.0,0.0,0.0,0.0,0.0,0.0,0.0,17.640070752195225,0.0,0.0,0.0,34.259191714103785,34.798755022529,34.94478257950453,0.0,0.0,0.0,36.18481712956151,36.13489497193644,0.0,0.0,0.0,0.0,17.967689904098787,17.25486909044882,36.56491057586502,17.77272838725495,0.0,0.0,0.0,0.0,0.0,0.0,0.0,0.0,0.0,0.0,0.0,0.0,0.0,0.0,0.0,0.0,0.0,0.0,0.0,0.0,0.0,0.0,2018-05-01 10:00:00
-1202.2138340815561,-805.485509984928,-986.562651639146,0.0,0.0,0.0,0.0,0.0,0.0,35.41883986218465,0.0,0.0,17.5709307946853,0.0,12.261081843756308,-5.948395074677845,-5.853390030049511,35.36322427566081,17.740374869574804,35.10032866914728,0.0,0.0,0.0,18.009431655788397,35.53754522285359,0.0,0.0,0.0,0.0,0.0,34.69457851396939,0.0,0.0,0.0,33.90245086646948,17.213862470801473,0.0,33.84026563616208,17.354871583172745,35.31557843050968,0.0,0.0,0.0,33.35528519514408,35.70481387094555,0.0,0.0,0.0,34.58240338667158,0.0,0.0,0.0,0.0,0.0,0.0,0.0,34.10965537788102,0.0,0.0,0.0,0.0,16.954356331047897,35.947989252079054,27.724862064625526,-6.960999710403784,-6.684389751528512,0.0,0.0,35.30171484281428,0.0,0.0,0.0,17.29296906599844,22.272415975819506,12.657732830486818,0.0,0.0,0.0,0.0,0.0,0.0,34.1666346324735,17.76792244334551,17.67333492861661,16.9786107832048,17.37740050820189,0.0,0.0,34.820677309545296,0.0,0.0,0.0,16.990758518368175,30.647115983562248,31.44357755848572,31.033738283371804,16.874088007104252,69.15764360203019,70.95540054543669,70.03373454322146,23.810273494980425,55.041085931822586,28.571126153886322,0.0,0.0,33.20532542367512,16.870413116864277,0.0,0.0,0.0,0.0,0.0,34.19788477358569,0.0,0.0,33.880640208224406,0.0,0.0,0.0,0.0,0.0,10.395939775307298,-6.973042105531515,-6.7743966243674985,0.0,0.0,0.0,0.0,17.660268050852274,0.0,16.90983247880843,17.412095874866885,0.0,0.0,17.73241206190543,0.0,0.0,0.0,0.0,0.0,34.385429766655214,27.388308117722556,-8.085001383996437,-7.842218761832694,0.0,67.79678753530459,0.0,39.69197706528706,31.4262649208335,51.70638362515752,0.0,0.0,65.67118463922614,0.0,3.5270962009333786,0.0,0.0,0.0,0.0,0.0,0.0,0.0,0.0,35.83083432031272,18.289196960295477,36.616753901679544,34.89140939573552,87.57133167566,72.17710594479095,61.87914916819375,36.06209120010567,35.47852895368355,0.0,37.11471284835993,0.0,0.0,18.25700479175279,0.0,0.0,0.0,0.0,35.91284142497373,0.0,0.0,-9.224437664231273,26.791570043194852,-9.25916713396285,0.0,0.0,0.0,34.94788191065629,0.0,0.0,18.350309793867467,0.0,0.0,18.55433619876186,35.57927688233231,-8.950002507182226,27.443738989315463,-9.061554661294938,36.05839016532407,0.0,0.0,0.0,37.17969676253227,0.0,0.0,0.0,35.66672395614175,0.0,0.0,0.0,35.160045748956335,0.0,18.078539500769693,0.0,17.558694978656384,36.46884176991788,0.0,0.0,0.0,37.050710101587434,0.0,0.0,0.0,35.76369262775265,0.0,0.0,0.0,0.0,0.0,0.0,0.0,0.0,0.0,17.59489142075598,0.0,0.0,0.0,33.97046126949093,34.60336546977863,34.58883735640017,0.0,0.0,0.0,35.95674533902761,36.12705904107715,0.0,0.0,0.0,0.0,17.987681820807886,17.194651837079057,24.064276390629985,17.751654476644852,0.0,0.0,0.0,0.0,0.0,0.0,0.0,0.0,0.0,0.0,0.0,0.0,0.0,0.0,0.0,0.0,0.0,0.0,0.0,0.0,0.0,0.0,2018-05-01 11:00:00
-1273.1197178461412,-852.9408398652506,-1030.4521829913479,0.0,0.0,0.0,0.0,0.0,0.0,35.07562764843643,0.0,0.0,17.4332780941603,0.0,17.950087610281845,-0.0003294980411829335,-0.0003239957504380527,35.07287824405676,17.57474018223122,34.780057896845975,0.0,0.0,0.0,17.825074344353744,35.35536883344969,0.0,0.0,0.0,0.0,0.0,34.25123391795461,0.0,0.0,0.0,33.41709756649487,17.032357846518412,0.0,33.4168359788382,17.198513333032256,35.11473024001812,0.0,0.0,0.0,32.86113116099285,35.48217127006013,0.0,0.0,0.0,34.26282468454086,0.0,0.0,0.0,0.0,0.0,0.0,0.0,33.75325890085685,0.0,0.0,0.0,0.0,16.73957611347538,35.71491711135392,33.86008641856606,-0.0001518214910999214,-0.00014559768505428193,0.0,0.0,35.052550284468296,0.0,0.0,0.0,17.146431299775042,22.140279068640297,12.59884100764714,0.0,0.0,0.0,0.0,0.0,0.0,33.81692203286103,17.632963429540002,17.518836952564563,16.823582387273397,17.2307462190354,0.0,0.0,34.484162405270965,0.0,0.0,0.0,16.814382174286305,30.40749947189861,31.236399633194846,30.810563387037224,16.67499953449589,69.07162214405089,70.9549816103522,69.99086351381757,29.843299734906992,60.98405904885922,35.016386530035625,0.0,0.0,32.71420700104065,16.70656739671729,0.0,0.0,0.0,0.0,0.0,33.79366147645419,0.0,0.0,33.4062089604565,0.0,0.0,0.0,0.0,0.0,16.7931768279413,-9.056595256622563e-05,-8.779253147516066e-05,0.0,0.0,0.0,0.0,17.539084823061113,0.0,16.67416004103987,17.311569234874273,0.0,0.0,17.59976256283423,0.0,0.0,0.0,0.0,0.0,34.04124459384571,34.70063037477054,-2.3308140504747456e-05,-2.2538605809590515e-05,0.0,67.5866473026521,0.0,39.44794123698712,31.268225303379637,51.21776066954213,0.0,0.0,64.89271163994079,0.0,18.14479616360865,0.0,0.0,0.0,0.0,0.0,0.0,0.0,0.0,35.466139401845886,18.18466785054143,36.235360011395755,34.43756941103631,86.73422236560722,71.68910612948596,61.01512989371048,35.62030987586128,34.98846973984592,0.0,36.855653411692515,0.0,0.0,18.154010397033108,0.0,0.0,0.0,0.0,35.39360891651705,0.0,0.0,-0.0004968483378188569,36.00776244731326,-0.0005002506461483332,0.0,0.0,0.0,34.49404968589176,0.0,0.0,18.22251121218555,0.0,0.0,18.451289842453164,35.17227849196757,-0.0006707413011893145,36.31924428092927,-0.0006811900340326831,35.61106550933802,0.0,0.0,0.0,36.97629462129685,0.0,0.0,0.0,35.34513320390278,0.0,0.0,0.0,34.688055049121,0.0,17.951672463862234,0.0,17.31896620040873,36.1277701531227,0.0,0.0,0.0,36.84201704185611,0.0,0.0,0.0,35.408159078513215,0.0,0.0,0.0,0.0,0.0,0.0,0.0,0.0,0.0,17.432798743320898,0.0,0.0,0.0,33.425138397794136,34.167471692729414,34.124815603135715,0.0,0.0,0.0,35.66507576199909,35.801484828419326,0.0,0.0,0.0,0.0,17.840607262379894,16.947311185497597,36.089175288757616,17.550653537590957,0.0,0.0,0.0,0.0,0.0,0.0,0.0,0.0,0.0,0.0,0.0,0.0,0.0,0.0,0.0,0.0,0.0,0.0,0.0,0.0,0.0,0.0,2018-05-01 12:00:00
-1191.161962632765,-801.8620264488915,-977.2934080779313,0.0,0.0,0.0,0.0,0.0,0.0,34.88049887821621,0.0,0.0,17.318489229872736,0.0,12.828292859009405,-5.234366418174409,-5.152876202684913,34.87931924197681,17.475142743067632,34.56178968491883,0.0,0.0,0.0,17.72323633152937,35.2823146061928,0.0,0.0,0.0,0.0,0.0,34.00579423247332,0.0,0.0,0.0,33.13428869744229,16.92949670985093,0.0,33.12611582384491,17.10036177447827,35.07020060881496,0.0,0.0,0.0,32.58517333848305,35.32742011473571,0.0,0.0,0.0,34.080296869855204,0.0,0.0,0.0,0.0,0.0,0.0,0.0,33.577568164207285,0.0,0.0,0.0,0.0,16.607834947127714,35.68127610778043,27.997065651954596,-6.023590261637787,-5.789174361053126,0.0,0.0,34.94520593111736,0.0,0.0,0.0,17.061267032339263,22.089718606546956,12.548344899995495,0.0,0.0,0.0,0.0,0.0,0.0,33.65116001102641,17.54437588961055,17.417715653634485,16.712536709758904,17.179360515601932,0.0,0.0,34.24373626983866,0.0,0.0,0.0,16.728911840084038,30.345372695839885,31.121972964146174,30.7252261180077,16.574134606541605,69.191158077091,70.96237657325042,70.06091361049528,24.371163691166302,54.899753483308416,29.53403463965801,0.0,0.0,32.38656316717015,16.619327194859814,0.0,0.0,0.0,0.0,0.0,33.60682590516746,0.0,0.0,33.18587265380878,0.0,0.0,0.0,0.0,0.0,10.906930351741053,-6.139377131403106,-5.969948771965265,0.0,0.0,0.0,0.0,17.437761044970525,0.0,16.487100416952767,17.310606446543577,0.0,0.0,17.50140868744562,0.0,0.0,0.0,0.0,0.0,33.87325734521223,28.094166533287122,-6.970480947786964,-6.769802050250292,0.0,67.43290147428817,0.0,39.37774233202277,31.173237688947523,51.073761369225835,0.0,0.0,64.63868813496309,0.0,3.1355233506782376,0.0,0.0,0.0,0.0,0.0,0.0,0.0,0.0,35.399007629191274,18.205694972923652,36.21940362151737,34.19712384131151,86.52233635012878,71.41522545495798,60.70967587565116,35.464772133553765,34.77927088311043,0.0,36.70614836243215,0.0,0.0,18.07357946528521,0.0,0.0,0.0,0.0,35.266590428772126,0.0,0.0,-8.444749472217083,27.20259761768108,-8.477385387969,0.0,0.0,0.0,34.31891221884199,0.0,0.0,18.197417803879183,0.0,0.0,18.444292455638116,34.99630570322339,-8.108359897184194,27.887537805781882,-8.209351081869999,35.52705303822928,0.0,0.0,0.0,36.86192063105477,0.0,0.0,0.0,35.19672202289609,0.0,0.0,0.0,34.53755435946568,0.0,17.85410635654947,0.0,17.14874062922135,36.10502640202092,0.0,0.0,0.0,36.702773163808125,0.0,0.0,0.0,35.25860900551986,0.0,0.0,0.0,0.0,0.0,0.0,0.0,0.0,0.0,17.34640564916233,0.0,0.0,0.0,33.09620357563743,33.92290674289242,33.737814480861346,0.0,0.0,0.0,35.427916048488484,35.79328859333396,0.0,0.0,0.0,0.0,17.843102419638942,16.86064956999905,22.934153221542367,17.527222825648813,0.0,0.0,0.0,0.0,0.0,0.0,0.0,0.0,0.0,0.0,0.0,0.0,0.0,0.0,0.0,0.0,0.0,0.0,0.0,0.0,0.0,0.0,2018-05-01 13:00:00
-1264.7963626934204,-847.9412482740127,-1022.0584965401749,0.0,0.0,0.0,0.0,0.0,0.0,34.78982360766076,0.0,0.0,17.302828589624887,0.0,17.904589801653344,-0.0002964809093674512,-0.00029159448635440223,34.824352186726635,17.43441994504892,34.494491352424326,0.0,0.0,0.0,17.67084166322511,35.26018391692171,0.0,0.0,0.0,0.0,0.0,33.8625777272477,0.0,0.0,0.0,32.974835832127184,16.878751399610476,0.0,33.01221820224472,17.065399749785012,35.024411749708015,0.0,0.0,0.0,32.41668245897712,35.306852845011655,0.0,0.0,0.0,34.00062837012747,0.0,0.0,0.0,0.0,0.0,0.0,0.0,33.46984085909419,0.0,0.0,0.0,0.0,16.543984129820085,35.61021321702714,33.526726686490676,-0.0001504600819412919,-0.00014436008442192993,0.0,0.0,34.888403334702005,0.0,0.0,0.0,17.028483326350422,22.06576581588953,12.553459327091527,0.0,0.0,0.0,0.0,0.0,0.0,33.54421981602795,17.521507005609703,17.38562694295334,16.682942697160378,17.134502517235035,0.0,0.0,34.17363069193662,0.0,0.0,0.0,16.675269102088528,30.268917447396767,31.08789769952598,30.668923877651107,16.510098960502347,69.0921658280526,70.96206272827013,70.00889203352818,29.665347930697674,60.36274785698879,35.02544743039684,0.0,0.0,32.23861102474692,16.57500229612196,0.0,0.0,0.0,0.0,0.0,33.470569195337575,0.0,0.0,33.01273336112021,0.0,0.0,0.0,0.0,0.0,16.64876316621486,-8.893131102450591e-05,-8.625053006292965e-05,0.0,0.0,0.0,0.0,17.42895743067787,0.0,16.428535381757012,17.28054031314452,0.0,0.0,17.483507813476518,0.0,0.0,0.0,0.0,0.0,33.77166416987687,34.54637348800749,-1.9994001723248797e-05,-1.934693749931172e-05,0.0,67.49045428056203,0.0,39.32234088066448,31.166379306893944,50.90150425210942,0.0,0.0,64.33349233818956,0.0,18.054565028746737,0.0,0.0,0.0,0.0,0.0,0.0,0.0,0.0,35.25173942136706,18.16674749206063,36.04255142501169,34.047243673428405,86.21406614471647,71.33324670703152,60.35995445109147,35.293524292204545,34.593114765040426,0.0,36.660858210087724,0.0,0.0,18.071196442390217,0.0,0.0,0.0,0.0,35.033988545822865,0.0,0.0,-0.0004651069147551896,35.823657462569884,-0.000468354442367079,0.0,0.0,0.0,34.14862395431788,0.0,0.0,18.158243780385778,0.0,0.0,18.416177262349823,34.85672162814755,-0.0006160887613226159,36.114013563807006,-0.0006257231581352202,35.32903869024059,0.0,0.0,0.0,36.84281042709273,0.0,0.0,0.0,35.10727511539212,0.0,0.0,0.0,34.3454494120479,0.0,17.841044516171184,0.0,17.08260065839925,35.958773468955215,0.0,0.0,0.0,36.6883704293481,0.0,0.0,0.0,35.145247275499486,0.0,0.0,0.0,0.0,0.0,0.0,0.0,0.0,0.0,17.304537038292878,0.0,0.0,0.0,32.91346050270779,33.78636226214897,33.63203750184398,0.0,0.0,0.0,35.38958635471998,35.65181576741967,0.0,0.0,0.0,0.0,17.780766823196952,16.760145555897733,35.90591262182471,17.436577383016072,0.0,0.0,0.0,0.0,0.0,0.0,0.0,0.0,0.0,0.0,0.0,0.0,0.0,0.0,0.0,0.0,0.0,0.0,0.0,0.0,0.0,0.0,2018-05-01 14:00:00
-1181.346908686128,-801.7975855861372,-978.8949005578959,0.0,0.0,0.0,0.0,0.0,0.0,34.91504333796009,0.0,0.0,17.339506935689,0.0,12.21942136786904,-5.80890128498821,-5.719878810977757,34.89888092761716,17.489084352679985,34.60920764520938,0.0,0.0,0.0,17.73141020262002,35.20873262256617,0.0,0.0,0.0,0.0,0.0,34.10835904134045,0.0,0.0,0.0,33.29483017227819,16.96650654770902,0.0,33.27487252539135,17.122650194357874,34.98814759114941,0.0,0.0,0.0,32.75740980911757,35.28735904801634,0.0,0.0,0.0,34.11763395685648,0.0,0.0,0.0,0.0,0.0,0.0,0.0,33.64042913149818,0.0,0.0,0.0,0.0,16.67180543464977,35.59095261817321,28.2047745845092,-5.880597612522091,-5.654000600607168,0.0,0.0,34.902665541296415,0.0,0.0,0.0,17.073283198723228,22.06432811181216,12.52922628005085,0.0,0.0,0.0,0.0,0.0,0.0,33.70343876539678,17.537858016595187,17.42545295039424,16.750832171038294,17.172343332453135,0.0,0.0,34.30202510045624,0.0,0.0,0.0,16.758888455652883,30.305095663276084,31.068394655262185,30.67799285654871,16.621246877755013,69.20536083329763,70.94892135042876,70.06055193457279,24.57509945404687,55.21495097178433,29.741561152458665,0.0,0.0,32.58413017324284,16.65094545402413,0.0,0.0,0.0,0.0,0.0,33.692782542664204,0.0,0.0,33.31766195974274,0.0,0.0,0.0,0.0,0.0,10.472784246845194,-6.631604126765431,-6.45327303468457,0.0,0.0,0.0,0.0,17.437109575638626,0.0,16.582053548119845,17.276485645015914,0.0,0.0,17.4974471839881,0.0,0.0,0.0,0.0,0.0,33.926244256507225,28.55553132582457,-6.430086050359078,-6.252008718254758,0.0,67.17760801340407,0.0,39.293316580108396,31.090872586914436,51.091995433564065,0.0,0.0,64.68996788073181,0.0,-1.6024471943129477,0.0,0.0,0.0,0.0,0.0,0.0,0.0,0.0,35.4219706747953,18.15790524190318,36.193438122592546,34.33455331621952,86.5047349702618,71.3048691773426,60.92111767770929,35.51564568675039,34.8879750850194,0.0,36.63837415223079,0.0,0.0,18.04553430897414,0.0,0.0,0.0,0.0,35.358508798202415,0.0,0.0,-8.424008552877115,27.217087416609548,-8.447943095239635,0.0,0.0,0.0,34.455388075739705,0.0,0.0,18.16545326999843,0.0,0.0,18.392071517813566,35.069815657744535,-8.004493912000958,27.97061340935185,-8.095886686268953,35.57324765472344,0.0,0.0,0.0,36.758275264330585,0.0,0.0,0.0,35.234694701044916,0.0,0.0,0.0,34.65156134679157,0.0,17.846350236502214,0.0,17.223514236128707,36.0790126759563,0.0,0.0,0.0,36.61583878443187,0.0,0.0,0.0,35.297139598939005,0.0,0.0,0.0,0.0,0.0,0.0,0.0,0.0,0.0,17.377244518265986,0.0,0.0,0.0,33.33072727462751,34.0654056840501,33.92277819677333,0.0,0.0,0.0,35.44570751661861,35.77141944958923,0.0,0.0,0.0,0.0,17.828381047118693,16.941908567217357,17.855834682625414,17.54951372077569,0.0,0.0,0.0,0.0,0.0,0.0,0.0,0.0,0.0,0.0,0.0,0.0,0.0,0.0,0.0,0.0,0.0,0.0,0.0,0.0,0.0,0.0,2018-05-01 15:00:00
-1299.3533293014996,-869.0934742824782,-1055.3511881199129,0.0,0.0,0.0,0.0,0.0,0.0,35.91881298253713,0.0,0.0,17.88608544620704,0.0,18.16560881424234,-0.0006106053494721788,-0.0006000434367940208,35.88335745010152,17.98933902315001,35.67475594798038,0.0,0.0,0.0,18.22902988633948,35.84450796662348,0.0,0.0,0.0,0.0,0.0,35.28494603269515,0.0,0.0,0.0,34.6167932837738,17.501568515880866,0.0,34.604679035280576,17.631821616950585,35.54832417342138,0.0,0.0,0.0,34.07573434389732,36.12922131000024,0.0,0.0,0.0,35.09602065899209,0.0,0.0,0.0,0.0,0.0,0.0,0.0,34.63437932817783,0.0,0.0,0.0,0.0,17.29460155195429,36.12044679923508,34.77781927186579,-0.0002260086830986647,-0.0002164535423040337,0.0,0.0,35.635954371064926,0.0,0.0,0.0,17.543200361526626,22.504059497987814,12.81584416002814,0.0,0.0,0.0,0.0,0.0,0.0,34.66141694830528,17.99521009248853,17.923969798760993,17.306870846965953,17.54861136712224,0.0,0.0,35.427931888154056,0.0,0.0,0.0,17.247696689790494,30.872639105716626,31.734716962417373,31.287926770697617,17.160204046237464,69.00571688796761,70.93310288347561,69.93763073427016,30.45228891538477,62.603087679369864,34.989618517746806,0.0,0.0,34.042634788705584,17.147374757797575,0.0,0.0,0.0,0.0,0.0,34.73987816448469,0.0,0.0,34.48356083733574,0.0,0.0,0.0,0.0,0.0,17.252909939274723,-0.0001543003443376485,-0.00014937959072400925,0.0,0.0,0.0,0.0,17.930166932622445,0.0,17.357538438077494,17.529906209158494,0.0,0.0,17.977726016060377,0.0,0.0,0.0,0.0,0.0,34.8981585349687,35.21992749326315,-2.5755331592885586e-05,-2.4862824884911323e-05,0.0,68.26955874840333,0.0,39.98576733280552,31.687949326067113,52.25027032652714,0.0,0.0,66.29845148853187,0.0,18.416733055205256,0.0,0.0,0.0,0.0,0.0,0.0,0.0,0.0,36.18481222640083,18.362460801912675,36.78600445675548,35.56804540625124,88.34752514240381,72.88768641434184,62.81681492062063,36.4652996394748,36.01353788836969,0.0,37.44653295382103,0.0,0.0,18.47185105939823,0.0,0.0,0.0,0.0,36.315878900019044,0.0,0.0,-0.0006559609986187708,36.74549645768715,-0.0006604419324056661,0.0,0.0,0.0,35.579089581435795,0.0,0.0,18.47503004282204,0.0,0.0,18.64385173958342,36.09965080711443,-0.0008695984127981908,36.99291655867143,-0.0008832807246405856,36.39373668680899,0.0,0.0,0.0,37.45499130583201,0.0,0.0,0.0,36.17865234817925,0.0,0.0,0.0,35.68874852000165,0.0,18.33030156218577,0.0,17.94693002110064,36.693193370166014,0.0,0.0,0.0,37.379769359201106,0.0,0.0,0.0,36.23216675994235,0.0,0.0,0.0,0.0,0.0,0.0,0.0,0.0,0.0,17.884865988402066,0.0,0.0,0.0,34.854386809056116,35.31217081098617,35.50809887040958,0.0,0.0,0.0,36.530862407073585,36.35992234746762,0.0,0.0,0.0,0.0,18.105916016429795,17.509812877872722,36.605781264219,17.920225414820887,0.0,0.0,0.0,0.0,0.0,0.0,0.0,0.0,0.0,0.0,0.0,0.0,0.0,0.0,0.0,0.0,0.0,0.0,0.0,0.0,0.0,0.0,2018-05-01 16:00:00
-1390.9999829261253,-925.8772760721959,-1131.9274049723338,0.0,0.0,0.0,0.0,0.0,0.0,38.970228983829344,0.0,0.0,19.57519312978864,0.0,19.47225203178146,-0.0033949106660285267,-0.003330795492686499,39.00248768305325,19.5064115922673,38.8846385962355,0.0,0.0,0.0,19.660495958649136,38.59752261299779,0.0,0.0,0.0,0.0,0.0,38.43112664170289,0.0,0.0,0.0,38.0139831050546,19.097089893997072,0.0,38.145784153565664,19.215771125740385,38.105837834892334,0.0,0.0,0.0,37.465376359262045,39.062486152056834,0.0,0.0,0.0,38.157981694051045,0.0,0.0,0.0,0.0,0.0,0.0,0.0,37.71136441001923,0.0,0.0,0.0,0.0,18.965333150076624,38.54178316821807,35.95150044162061,-1.9282787942576465,-1.8397860831607382,0.0,0.0,38.363581912575114,0.0,0.0,0.0,19.069836771051573,24.328554175994892,13.898311772826741,0.0,0.0,0.0,0.0,0.0,0.0,37.66690332198993,19.47316905398317,19.437071208789398,19.00192031389757,18.90718902822764,0.0,0.0,38.663644310159306,0.0,0.0,0.0,18.768775820293257,33.09820486744121,34.10521310610103,33.584880980092784,18.72635889611187,68.75833432247835,70.85079189051773,69.77303732166216,31.167914381028375,65.92776310227347,33.07206967800804,0.0,0.0,37.68314908123231,18.722972160957216,0.0,0.0,0.0,0.0,0.0,37.8517710793234,0.0,0.0,37.67902981069469,0.0,0.0,0.0,0.0,0.0,18.825774065825165,-0.010398606651586859,-0.010034838379010006,0.0,0.0,0.0,0.0,19.503695386107424,0.0,19.224306813777172,18.85369298485155,0.0,0.0,19.47814162400934,0.0,0.0,0.0,0.0,0.0,37.969159156616115,36.363190572799525,-1.4524270552794276,-1.3969670492728452,0.0,73.08766402742332,0.0,42.88106452186969,33.99605331678441,56.42102785381502,0.0,0.0,71.172514268205,0.0,17.883903625656057,0.0,0.0,0.0,0.0,0.0,0.0,0.0,0.0,39.077920747369774,19.643294652664682,39.256746819344585,38.98815622165699,94.97585521340318,78.38368625401012,68.37847282060142,39.28896667723615,39.083397412044214,0.0,40.12759770180199,0.0,0.0,19.940355134612073,0.0,0.0,0.0,0.0,39.20376757417681,0.0,0.0,-1.562526543525033,38.30455783613899,-1.5766278457786103,0.0,0.0,0.0,39.028497275613724,0.0,0.0,19.802993117054378,0.0,0.0,19.921053752230723,39.22279681686125,-1.5477288779975393,38.27080469053181,-1.5765705002305568,39.18764377634231,0.0,0.0,0.0,40.04937650048637,0.0,0.0,0.0,39.36930103603543,0.0,0.0,0.0,38.87807765474981,0.0,19.85936317606753,0.0,19.68689614541743,39.32370368344988,0.0,0.0,0.0,40.07980234513586,0.0,0.0,0.0,39.27868876063819,0.0,0.0,0.0,0.0,0.0,0.0,0.0,0.0,0.0,19.541914772430125,0.0,0.0,0.0,38.650792549005274,38.80570972353794,39.302198618430396,0.0,0.0,0.0,39.692139036079226,39.03105543730267,0.0,0.0,0.0,0.0,19.46033602226883,19.21434219589326,39.007200002205245,19.35243563792292,0.0,0.0,0.0,0.0,0.0,0.0,0.0,0.0,0.0,0.0,0.0,0.0,0.0,0.0,0.0,0.0,0.0,0.0,0.0,0.0,0.0,0.0,2018-05-01 17:00:00
-1451.8708064141663,-966.7877496009195,-1183.181779491716,0.0,0.0,0.0,0.0,0.0,0.0,40.492708973933375,0.0,0.0,20.418317901134934,0.0,20.10119952588156,1.4712556417736597e-11,8.488491180357743e-12,40.55222050044643,20.26349208001451,40.48975821974792,0.0,0.0,0.0,20.37704577029608,39.91670054094599,0.0,0.0,0.0,0.0,0.0,40.02454419571732,0.0,0.0,0.0,39.74597499433698,19.894121133954457,0.0,39.94435130046925,20.003091435666114,39.320554438224555,0.0,0.0,0.0,39.18956827282945,40.49661691394377,0.0,0.0,0.0,39.67529485131106,0.0,0.0,0.0,0.0,0.0,0.0,0.0,39.23653804827131,0.0,0.0,0.0,0.0,19.81072142355264,39.68876079264962,39.23246419226675,-2.800427374091696e-10,-1.6717828983832395e-10,0.0,0.0,39.685818116415376,0.0,0.0,0.0,19.822917384852193,25.20464371756942,14.425270264595639,0.0,0.0,0.0,0.0,0.0,0.0,39.15350577398966,20.201773648847638,20.188935212968964,19.84670967796738,19.56711579447019,0.0,0.0,40.28475230138887,0.0,0.0,0.0,19.52165844440762,34.16785555931709,35.25806801090852,34.696557287565234,19.508427002592693,68.60952334435055,70.79919408844259,69.67486344351782,34.15840109064874,70.45538319231962,34.857794596852344,0.0,0.0,39.54712533983099,19.5014680475003,0.0,0.0,0.0,0.0,0.0,39.404115852798896,0.0,0.0,39.28974889161966,0.0,0.0,0.0,0.0,0.0,19.61994786803394,2.3061693081583012e-10,1.175706329965831e-10,0.0,0.0,0.0,0.0,20.28130249120103,0.0,20.184144089530637,19.476584989105707,0.0,0.0,20.219471012741547,0.0,0.0,0.0,0.0,0.0,39.4882457755138,38.90473286510486,1.5981618796195254e-11,7.632050880710707e-12,0.0,75.36763826985049,0.0,44.25531040573527,35.10518349102211,58.45297996382406,0.0,0.0,73.58393981907182,0.0,20.28658208998894,0.0,0.0,0.0,0.0,0.0,0.0,0.0,0.0,40.47714866695448,20.237242825471153,40.436563607939725,40.70847904636138,98.18133785009645,81.05596717456504,71.15859634754054,40.690903925925454,40.626964981898006,0.0,41.430951747349965,0.0,0.0,20.653533832036324,0.0,0.0,0.0,0.0,40.634426823711856,0.0,0.0,2.2850538469411027e-09,41.47581087755104,-6.882773425573308e-10,0.0,0.0,0.0,40.739635915359294,0.0,0.0,20.436486377001263,0.0,0.0,20.521566001089482,40.7723336571375,2.269081637872733e-09,41.27713300191245,-6.933146604569396e-10,40.551451514140155,0.0,0.0,0.0,41.29294291304692,0.0,0.0,0.0,40.934627842113855,0.0,0.0,0.0,40.457095036855605,0.0,20.609919429354413,0.0,20.57543193646977,40.57942362928765,0.0,0.0,0.0,41.38452737919483,0.0,0.0,0.0,40.77886589494574,0.0,0.0,0.0,0.0,0.0,0.0,0.0,0.0,0.0,20.359173978711482,0.0,0.0,0.0,40.59200300710887,40.561304491614244,41.24683513683858,0.0,0.0,0.0,41.26143043238223,40.30286913100215,0.0,0.0,0.0,0.0,20.102207703736152,20.064483009742546,40.14777310177832,20.046890496344698,0.0,0.0,0.0,0.0,0.0,0.0,0.0,0.0,0.0,0.0,0.0,0.0,0.0,0.0,0.0,0.0,0.0,0.0,0.0,0.0,0.0,0.0,2018-05-01 18:00:00
-1440.7389227816827,-959.100103948502,-1176.5361112566218,0.0,0.0,0.0,0.0,0.0,0.0,40.18505666173268,0.0,0.0,20.297673490039358,0.0,19.861874425965464,0.0,0.0,40.247666553475504,20.10486357606377,40.227520102013756,0.0,0.0,0.0,20.19257985184009,39.49646679011241,0.0,0.0,0.0,0.0,0.0,39.80687800625588,0.0,0.0,0.0,39.636380765804574,19.786078499670325,0.0,39.851312288201946,19.877932222380327,38.87806461769538,0.0,0.0,0.0,39.111374129894934,40.11946390208749,0.0,0.0,0.0,39.409356329680605,0.0,0.0,0.0,0.0,0.0,0.0,0.0,39.012353324786815,0.0,0.0,0.0,0.0,19.740923653797008,39.20267059632379,38.99411309250153,0.0,0.0,0.0,0.0,39.29006205117676,0.0,0.0,0.0,19.685228785276145,24.983681252164267,14.292823734949348,0.0,0.0,0.0,0.0,0.0,0.0,38.909594673646524,20.02671054458018,20.032005936765106,19.763065086653203,19.39049001143287,0.0,0.0,40.051011891837625,0.0,0.0,0.0,19.408580918521157,33.80791801719554,34.87723287534214,34.32132132724501,19.41758351012249,68.63992066836155,70.81145625877521,69.68597951545294,33.889669072343935,69.94493805769228,34.863273638196,0.0,0.0,39.52214406703446,19.402739485814774,0.0,0.0,0.0,0.0,0.0,39.19635428498527,0.0,0.0,39.13698455930901,0.0,0.0,0.0,0.0,0.0,19.52387570563623,0.0,0.0,0.0,0.0,0.0,0.0,20.132182371019233,0.0,20.171529082773233,19.280561995865728,0.0,0.0,20.05581578177975,0.0,0.0,0.0,0.0,0.0,39.25052379208905,38.50132369959765,0.0,0.0,0.0,74.44338776995592,0.0,43.795106513550635,34.70996784922917,57.97804142999936,0.0,0.0,72.9271531438722,0.0,20.07216994257261,0.0,0.0,0.0,0.0,0.0,0.0,0.0,0.0,40.17065518441946,20.007300059016202,40.0036870154885,40.58128963603691,97.31836807378416,80.23789195683457,70.81133399736359,40.371768070797906,40.404980616838166,0.0,40.98424901508176,0.0,0.0,20.46566160230326,0.0,0.0,0.0,0.0,40.36956678562635,0.0,0.0,0.0,41.169599492626396,0.0,0.0,0.0,0.0,40.630173421721835,0.0,0.0,20.217978952374356,0.0,0.0,20.274936957308647,40.53694462729525,0.0,40.899486865262,0.0,40.238529811360046,0.0,0.0,0.0,40.809723786570835,0.0,0.0,0.0,40.6818855332365,0.0,0.0,0.0,40.282621078127725,0.0,20.451668121524534,0.0,20.52145218183812,40.17653035271859,0.0,0.0,0.0,40.92800644834653,0.0,0.0,0.0,40.4967586902903,0.0,0.0,0.0,0.0,0.0,0.0,0.0,0.0,0.0,20.25749813736226,0.0,0.0,0.0,40.61829191374786,40.45935007019869,41.226832588894496,0.0,0.0,0.0,40.98586475055277,39.9218473785883,0.0,0.0,0.0,0.0,19.915181818171945,20.021854214188323,39.707501410735006,19.90313737544428,0.0,0.0,0.0,0.0,0.0,0.0,0.0,0.0,0.0,0.0,0.0,0.0,0.0,0.0,0.0,0.0,0.0,0.0,0.0,0.0,0.0,0.0,2018-05-01 19:00:00
-1408.2767993306416,-937.6308344014296,-1152.86951102021,0.0,0.0,0.0,0.0,0.0,0.0,39.236295914485545,0.0,0.0,19.863150637846402,0.0,19.32405975805779,0.0,0.0,39.314217611763546,19.62505693659557,39.33280694670103,0.0,0.0,0.0,19.674534600958257,38.49636211508615,0.0,0.0,0.0,0.0,0.0,38.94065565501177,0.0,0.0,0.0,38.887347797777416,19.371601467463595,0.0,39.13042691982064,19.44752506798043,37.86724608813998,0.0,0.0,0.0,38.41292327755255,39.12738015373315,0.0,0.0,0.0,38.53791616181805,0.0,0.0,0.0,0.0,0.0,0.0,0.0,38.1957035842841,0.0,0.0,0.0,0.0,19.358280527934166,38.131232473434636,38.14265190314479,0.0,0.0,0.0,0.0,38.29817848544374,0.0,0.0,0.0,19.248929768504958,24.40613117276844,13.946399752471828,0.0,0.0,0.0,0.0,0.0,0.0,38.07490508611116,19.53919072473316,19.558639219440057,19.38237002535253,18.92210942987174,0.0,0.0,39.18608778545047,0.0,0.0,0.0,19.00196577728606,32.93938991507166,33.95304252928917,33.4184835935763,19.02866738798588,68.72740728730518,70.84288684234397,69.73072016254517,33.116857668797444,68.2821951769779,34.88560173390213,0.0,0.0,38.86369020952519,19.016453916072678,0.0,0.0,0.0,0.0,0.0,38.38259406923971,0.0,0.0,38.36712126773739,0.0,0.0,0.0,0.0,0.0,19.134907533936108,0.0,0.0,0.0,0.0,0.0,0.0,19.675558349650977,0.0,19.832125638330357,18.81730748675792,0.0,0.0,19.58146002837077,0.0,0.0,0.0,0.0,0.0,38.42031785745391,37.52922974978437,0.0,0.0,0.0,72.42882611758101,0.0,42.703907966421,33.79277753647882,56.637385340486674,0.0,0.0,71.10893772533856,0.0,19.55847926169993,0.0,0.0,0.0,0.0,0.0,0.0,0.0,0.0,39.27998032939117,19.501910921581565,38.9699583409986,39.83007091658641,95.00873262767419,78.19262074600957,69.3610810638744,39.4136553059316,39.54027779680569,0.0,39.901309760367376,0.0,0.0,19.973121469066736,0.0,0.0,0.0,0.0,39.47559576826245,0.0,0.0,0.0,40.258830002621266,0.0,0.0,0.0,0.0,39.92724181551958,0.0,0.0,19.702889129426048,0.0,0.0,19.735062630831653,39.683854009378,0.0,39.89876379013596,0.0,39.31637825732917,0.0,0.0,0.0,39.708377142881666,0.0,0.0,0.0,39.83117874331018,0.0,0.0,0.0,39.50687963032706,0.0,19.985759394527776,0.0,20.136043690727824,39.18410099469728,0.0,0.0,0.0,39.84733483751928,0.0,0.0,0.0,39.60322131199832,0.0,0.0,0.0,0.0,0.0,0.0,0.0,0.0,0.0,19.859790432687532,0.0,0.0,0.0,40.00972187830051,39.74461118624328,40.550115718247284,0.0,0.0,0.0,40.08096636263809,38.96888643201502,0.0,0.0,0.0,0.0,19.44936842592265,19.684703253783805,38.674981024323614,19.47112774528848,0.0,0.0,0.0,0.0,0.0,0.0,0.0,0.0,0.0,0.0,0.0,0.0,0.0,0.0,0.0,0.0,0.0,0.0,0.0,0.0,0.0,0.0,2018-05-01 20:00:00
-1353.0928385833008,-901.4177275730734,-1111.2901649449957,0.0,0.0,0.0,0.0,0.0,0.0,37.60496961670929,0.0,0.0,19.102132012169953,0.0,18.46147720348322,0.0,0.0,37.71558191913622,18.80300184279792,37.77259847461006,0.0,0.0,0.0,18.796069593542132,36.872387533710906,0.0,0.0,0.0,0.0,0.0,37.38747999713773,0.0,0.0,0.0,37.47230868572396,18.63525649101887,0.0,37.763634857212594,18.696351191942014,36.2376503643798,0.0,0.0,0.0,37.07057150435754,37.478507422513374,0.0,0.0,0.0,37.02649387488644,0.0,0.0,0.0,0.0,0.0,0.0,0.0,36.75425013804461,0.0,0.0,0.0,0.0,18.64980601179805,36.4145025122773,36.63767601764153,0.0,0.0,0.0,0.0,36.66299893495636,0.0,0.0,0.0,18.497300578273038,23.448870636711863,13.37384445185249,0.0,0.0,0.0,0.0,0.0,0.0,36.61439330055117,18.717958155615023,18.74840544297207,18.69537301989584,18.138899176559452,0.0,0.0,37.65836554728046,0.0,0.0,0.0,18.285414886232328,31.51562853583576,32.43990853204647,31.942188574243147,18.3264418698933,68.87492195903965,70.89537076044166,69.81081570069644,31.805467806669952,65.3853229712396,34.925619239830084,0.0,0.0,37.55742024032854,18.329574322171894,0.0,0.0,0.0,0.0,0.0,36.92944094739872,0.0,0.0,36.94836967003549,0.0,0.0,0.0,0.0,0.0,18.43914706344162,0.0,0.0,0.0,0.0,0.0,0.0,18.894952114092963,0.0,19.15867097841973,18.06599832516669,0.0,0.0,18.776271660632528,0.0,0.0,0.0,0.0,0.0,36.96528353715342,35.93430206008671,0.0,0.0,0.0,69.22644133647994,0.0,40.92573275918589,32.30871608414157,54.3677959487625,0.0,0.0,68.02222681536199,0.0,18.714966712839527,0.0,0.0,0.0,0.0,0.0,0.0,0.0,0.0,37.76235274491188,18.695423620754767,37.27147381496841,38.42975994664315,91.12830470915566,74.81989863401898,66.74289920424806,37.7633718299204,37.98960581086946,0.0,38.123524629279494,0.0,0.0,19.154410648628282,0.0,0.0,0.0,0.0,37.90136955693474,0.0,0.0,0.0,38.711322467559356,0.0,0.0,0.0,0.0,38.609883409614305,0.0,0.0,18.864774206035968,0.0,0.0,18.873818061521167,38.176064919334344,0.0,38.22708085336005,0.0,37.73325715908152,0.0,0.0,0.0,37.929704809920615,0.0,0.0,0.0,38.35180570295716,0.0,0.0,0.0,38.09666597701198,0.0,19.192778497108826,0.0,19.404765510922573,37.54707233542376,0.0,0.0,0.0,38.087012196159264,0.0,0.0,0.0,38.05937693417031,0.0,0.0,0.0,0.0,0.0,0.0,0.0,0.0,0.0,19.154021137656684,0.0,0.0,0.0,38.755660454868746,38.39727788983095,39.20238831665308,0.0,0.0,0.0,38.51009967711437,37.39383269192699,0.0,0.0,0.0,0.0,18.6817808570024,19.04246389233825,36.98467488925231,18.729616766985966,0.0,0.0,0.0,0.0,0.0,0.0,0.0,0.0,0.0,0.0,0.0,0.0,0.0,0.0,0.0,0.0,0.0,0.0,0.0,0.0,0.0,0.0,2018-05-01 21:00:00
-1272.291920432377,-848.5979827677481,-1049.624588254316,0.0,0.0,0.0,0.0,0.0,0.0,35.21999002273058,0.0,0.0,17.951005042934856,0.0,17.226573886567028,0.0,0.0,35.354860337749685,17.603764798596952,35.45110902868735,0.0,0.0,0.0,17.543325778401485,34.50516048059962,0.0,0.0,0.0,0.0,0.0,35.09829276770747,0.0,0.0,0.0,35.321869362666675,17.52895737835095,0.0,35.64608468206863,17.5710412093945,33.88791002395761,0.0,0.0,0.0,35.007688615690284,35.07101788006799,0.0,0.0,0.0,34.77865938254283,0.0,0.0,0.0,0.0,0.0,0.0,0.0,34.58979732928823,0.0,0.0,0.0,0.0,17.573538268879556,33.98001979526395,34.41929940125907,0.0,0.0,0.0,0.0,34.297120722247,0.0,0.0,0.0,17.37677592004547,22.024133736400174,12.52671919094904,0.0,0.0,0.0,0.0,0.0,0.0,34.43497556959903,17.520179208218913,17.562377569157317,17.633030709316355,16.99899057315044,0.0,0.0,35.37551490924822,0.0,0.0,0.0,17.21006817964451,29.473146875754605,30.275160695050552,29.8299437380956,17.266191110379786,69.0903925320723,70.97095146119277,69.93044436011166,29.867717742991356,61.19570297654523,34.98547675047421,0.0,0.0,35.51040185470712,17.28122155457873,0.0,0.0,0.0,0.0,0.0,34.75235799968254,0.0,0.0,34.81190662629573,0.0,0.0,0.0,0.0,0.0,17.38100243063723,0.0,0.0,0.0,0.0,0.0,0.0,17.732182506029538,0.0,18.10510413311848,16.957665628895548,0.0,0.0,17.59474345561816,0.0,0.0,0.0,0.0,0.0,34.78302602793859,33.64183770240931,0.0,0.0,0.0,64.63074060363965,0.0,38.34557206838722,30.177893320139948,51.03521082079787,0.0,0.0,63.62747909101218,0.0,17.511364536673277,0.0,0.0,0.0,0.0,0.0,0.0,0.0,0.0,35.514435046508105,17.522487782139,34.85965999427562,36.281904486005075,85.48841198777117,69.96017662592405,62.83645928909308,35.3864252889246,35.709425853878734,0.0,35.59344100030807,0.0,0.0,17.95367350530957,0.0,0.0,0.0,0.0,35.60870967753836,0.0,0.0,0.0,36.38773318409249,0.0,0.0,0.0,0.0,36.54758854535145,0.0,0.0,17.65636161521216,0.0,0.0,17.640031365764887,35.92721079665487,0.0,35.79869483846653,0.0,35.43026735412109,0.0,0.0,0.0,35.40017658450546,0.0,0.0,0.0,36.116381200249016,0.0,0.0,0.0,35.957569652940386,0.0,18.01885800356212,0.0,18.295848324424842,35.18423213465623,0.0,0.0,0.0,35.56936461448665,0.0,0.0,0.0,35.77031783466415,0.0,0.0,0.0,0.0,0.0,0.0,0.0,0.0,0.0,18.070153659215435,0.0,0.0,0.0,36.75135006469367,36.30162755321335,37.08323509174312,0.0,0.0,0.0,36.17559159742281,35.096105937368016,0.0,0.0,0.0,0.0,17.551845284752154,18.035955917525715,34.59015449183851,17.628908070110377,0.0,0.0,0.0,0.0,0.0,0.0,0.0,0.0,0.0,0.0,0.0,0.0,0.0,0.0,0.0,0.0,0.0,0.0,0.0,0.0,0.0,0.0,2018-05-01 22:00:00
-1184.05744998007,-791.0134080813905,-981.5967139867178,0.0,0.0,0.0,0.0,0.0,0.0,32.62220633369048,0.0,0.0,16.651882177089824,0.0,15.898256131682,0.0,0.0,32.7520437902791,16.30022378609352,32.87672983950369,0.0,0.0,0.0,16.216102294545298,31.909248919464833,0.0,0.0,0.0,0.0,0.0,32.59790894861243,0.0,0.0,0.0,32.90740910157644,16.291474361037242,0.0,33.22015563682068,16.313407875721254,31.339689564718302,0.0,0.0,0.0,32.667366844825814,32.437688424304866,0.0,0.0,0.0,32.28433399611801,0.0,0.0,0.0,0.0,0.0,0.0,0.0,32.16677907127049,0.0,0.0,0.0,0.0,16.36250909809062,31.389646812511053,31.988612625745834,0.0,0.0,0.0,0.0,31.732730278632022,0.0,0.0,0.0,16.12863635880222,20.42918241169046,11.585516415313508,0.0,0.0,0.0,0.0,0.0,0.0,32.008925273686685,16.21466235700948,16.267642706994835,16.410021943733014,15.756994248308972,0.0,0.0,32.836453687009026,0.0,0.0,0.0,16.006590998070166,27.277819782537435,27.957785886845784,27.56798287834274,16.075922540367372,69.32326637502736,71.05180441898209,70.06431979996316,27.723747758404294,56.70045325920866,35.05244883672286,0.0,0.0,33.15063006331489,16.08744854270089,0.0,0.0,0.0,0.0,0.0,32.32589006960289,0.0,0.0,32.427976807217355,0.0,0.0,0.0,0.0,0.0,16.181832759870126,0.0,0.0,0.0,0.0,0.0,0.0,16.436805833362204,0.0,16.892779899718082,15.723971741136028,0.0,0.0,16.299245488118714,0.0,0.0,0.0,0.0,0.0,32.34171643329255,31.17191082548555,0.0,0.0,0.0,59.66430767356411,0.0,35.52981359155883,27.882128542181132,47.37394717620807,0.0,0.0,58.97959694108844,0.0,16.226034049292704,0.0,0.0,0.0,0.0,0.0,0.0,0.0,0.0,33.02069213820741,16.23408343855923,32.29968973247355,33.84072260240768,79.35549575929832,64.72009856996357,58.508960277580854,32.84286307964178,33.22464424810214,0.0,32.90272351601952,0.0,0.0,16.632841988681168,0.0,0.0,0.0,0.0,33.12889321961825,0.0,0.0,0.0,33.77221700454509,0.0,0.0,0.0,0.0,34.15033771735481,0.0,0.0,16.3484940945272,0.0,0.0,16.31022957477856,33.429978967818826,0.0,33.15940406219149,0.0,32.931963308763926,0.0,0.0,0.0,32.70411941208308,0.0,0.0,0.0,33.591388015398834,0.0,0.0,0.0,33.544018583407755,0.0,16.718650226361746,0.0,17.054491985500242,32.62747303942177,0.0,0.0,0.0,32.87189085730152,0.0,0.0,0.0,33.23671149680252,0.0,0.0,0.0,0.0,0.0,0.0,0.0,0.0,0.0,16.827878662661103,0.0,0.0,0.0,34.40250589859319,33.88725136126833,34.631968049481905,0.0,0.0,0.0,33.587000757542484,32.57859301607757,0.0,0.0,0.0,0.0,16.30000542905201,16.86698861972628,32.054033420652225,16.405993388272105,0.0,0.0,0.0,0.0,0.0,0.0,0.0,0.0,0.0,0.0,0.0,0.0,0.0,0.0,0.0,0.0,0.0,0.0,0.0,0.0,0.0,0.0,2018-05-01 23:00:00
