,time,PV_Name,Voltage
0,2018-05-01 11:30:09,PVSystem.7,48.820460915602624
1,2018-05-01 11:45:00,PVSystem.7,49.21364061040174
2,2018-05-01 12:00:00,PVSystem.7,49.60682030520087
3,2018-05-01 12:15:00,PVSystem.7,50.0
4,2018-05-01 12:30:00,PVSystem.7,49.85985674244783
5,2018-05-01 12:45:00,PVSystem.7,49.71971348489567
6,2018-05-01 13:00:00,PVSystem.7,49.5795702273435
7,2018-05-01 13:15:00,PVSystem.7,49.43942696979134
8,2018-05-01 13:30:00,PVSystem.7,46.06820305200872
9,2018-05-01 13:45:00,PVSystem.7,42.6969791342261
10,2018-05-01 14:00:00,PVSystem.7,39.32575521644347
11,2018-05-01 14:15:00,PVSystem.7,35.95453129866086
12,2018-05-01 14:30:00,PVSystem.7,31.216910619744624
13,2018-05-01 14:45:00,PVSystem.7,26.479289940828405
14,2018-05-01 15:00:00,PVSystem.7,21.74166926191218
15,2018-05-01 15:15:00,PVSystem.7,17.00404858299595
16,2018-05-01 15:30:00,PVSystem.7,12.7569293055123
17,2018-05-01 15:45:00,PVSystem.7,8.509810028028651
18,2018-05-01 16:00:00,PVSystem.7,4.262690750545001
19,2018-05-01 16:15:00,PVSystem.7,0.0155714730613516
20,2018-05-01 16:30:00,PVSystem.7,0.0116786047960137
21,2018-05-01 16:45:00,PVSystem.7,0.0077857365306758
22,2018-05-01 17:00:00,PVSystem.7,0.0038928682653379
23,2018-05-01 17:15:00,PVSystem.7,0.0
24,2018-05-01 17:30:00,PVSystem.7,0.0
25,2018-05-01 17:45:00,PVSystem.7,0.0
26,2018-05-01 18:00:00,PVSystem.7,0.0
27,2018-05-01 18:15:00,PVSystem.7,0.0
28,2018-05-01 18:30:00,PVSystem.7,0.0
29,2018-05-01 18:45:00,PVSystem.7,0.0
30,2018-05-01 19:00:00,PVSystem.7,0.0
31,2018-05-01 19:15:00,PVSystem.7,0.0
32,2018-05-01 19:30:00,PVSystem.7,0.0
33,2018-05-01 19:45:00,PVSystem.7,0.0
34,2018-05-01 20:00:00,PVSystem.7,0.0
35,2018-05-01 20:15:00,PVSystem.7,0.0
36,2018-05-01 20:30:00,PVSystem.7,0.0
37,2018-05-01 20:45:00,PVSystem.7,0.0
38,2018-05-01 21:00:00,PVSystem.7,0.0
39,2018-05-01 21:15:00,PVSystem.7,0.0
40,2018-05-01 21:30:00,PVSystem.7,0.0
41,2018-05-01 21:45:00,PVSystem.7,0.0
42,2018-05-01 22:00:00,PVSystem.7,0.0
43,2018-05-01 22:15:00,PVSystem.7,0.0
44,2018-05-01 22:30:00,PVSystem.7,0.0
45,2018-05-01 22:45:00,PVSystem.7,0.0
46,2018-05-01 23:00:00,PVSystem.7,0.0
47,2018-05-01 23:15:00,PVSystem.7,0.0
48,2018-05-01 23:30:00,PVSystem.7,0.0
49,2018-05-01 23:45:00,PVSystem.7,0.0
50,2018-05-02 00:00:00,PVSystem.7,0.0
51,2018-05-02 00:15:00,PVSystem.7,0.0
52,2018-05-02 00:30:00,PVSystem.7,0.0
53,2018-05-02 00:45:00,PVSystem.7,0.0
54,2018-05-02 01:00:00,PVSystem.7,0.0
55,2018-05-02 01:15:00,PVSystem.7,0.0
56,2018-05-02 01:30:00,PVSystem.7,0.0
57,2018-05-02 01:45:00,PVSystem.7,0.0
58,2018-05-02 02:00:00,PVSystem.7,0.0
59,2018-05-02 02:15:00,PVSystem.7,0.0
60,2018-05-02 02:30:00,PVSystem.7,0.0
61,2018-05-02 02:45:00,PVSystem.7,0.0
62,2018-05-02 03:00:00,PVSystem.7,0.0
63,2018-05-02 03:15:00,PVSystem.7,0.0
64,2018-05-02 03:30:00,PVSystem.7,0.0
65,2018-05-02 03:45:00,PVSystem.7,0.0
66,2018-05-02 04:00:00,PVSystem.7,0.0
67,2018-05-02 04:15:00,PVSystem.7,0.0
68,2018-05-02 04:30:00,PVSystem.7,0.0
69,2018-05-02 04:45:00,PVSystem.7,0.0
70,2018-05-02 05:00:00,PVSystem.7,0.0
71,2018-05-02 05:15:00,PVSystem.7,0.0
72,2018-05-02 05:30:00,PVSystem.7,0.0
73,2018-05-02 05:45:00,PVSystem.7,0.0
74,2018-05-02 06:00:00,PVSystem.7,0.0
75,2018-05-02 06:15:00,PVSystem.7,0.0
76,2018-05-02 06:30:00,PVSystem.7,1.1859246672330783
77,2018-05-02 06:45:00,PVSystem.7,2.371849334466157
78,2018-05-02 07:00:00,PVSystem.7,3.5577740016992356
79,2018-05-02 07:15:00,PVSystem.7,4.743698668932314
80,2018-05-02 07:30:00,PVSystem.7,8.634239592183517
81,2018-05-02 07:45:00,PVSystem.7,12.524780515434722
82,2018-05-02 08:00:00,PVSystem.7,16.415321438685925
83,2018-05-02 08:15:00,PVSystem.7,20.305862361937127
84,2018-05-02 08:30:00,PVSystem.7,24.1256018125177
85,2018-05-02 08:45:00,PVSystem.7,27.94534126309827
86,2018-05-02 09:00:00,PVSystem.7,31.765080713678845
87,2018-05-02 09:15:00,PVSystem.7,35.58482016425942
88,2018-05-02 09:30:00,PVSystem.7,36.71764372698952
89,2018-05-02 09:45:00,PVSystem.7,37.850467289719624
90,2018-05-02 10:00:00,PVSystem.7,38.983290852449734
91,2018-05-02 10:15:00,PVSystem.7,40.11611441517984
92,2018-05-02 10:30:00,PVSystem.7,41.43302180685359
93,2018-05-02 10:45:00,PVSystem.7,42.74992919852733
94,2018-05-02 11:00:00,PVSystem.7,44.06683659020108
95,2018-05-02 11:15:00,PVSystem.7,45.38374398187482
96,2018-05-02 11:30:00,PVSystem.7,46.537807986406115
97,2018-05-02 11:45:00,PVSystem.7,47.691871990937415
98,2018-05-02 12:00:00,PVSystem.7,48.8459359954687
99,2018-05-02 12:15:00,PVSystem.7,50.0
100,2018-05-02 12:30:00,PVSystem.7,49.22472387425658
101,2018-05-02 12:45:00,PVSystem.7,48.44944774851317
102,2018-05-02 13:00:00,PVSystem.7,47.67417162276975
103,2018-05-02 13:15:00,PVSystem.7,46.89889549702634
104,2018-05-02 13:30:00,PVSystem.7,45.03327669215519
105,2018-05-02 13:45:00,PVSystem.7,43.16765788728406
106,2018-05-02 14:00:00,PVSystem.7,41.30203908241292
107,2018-05-02 14:15:00,PVSystem.7,39.43642027754176
108,2018-05-02 14:30:00,PVSystem.7,35.51401869158878
109,2018-05-02 14:45:00,PVSystem.7,31.5916171056358
110,2018-05-02 15:00:00,PVSystem.7,27.669215519682812
111,2018-05-02 15:15:00,PVSystem.7,23.746813933729825
112,2018-05-02 15:30:00,PVSystem.7,18.797790994052676
113,2018-05-02 15:45:00,PVSystem.7,13.848768054375531
114,2018-05-02 16:00:00,PVSystem.7,8.899745114698385
115,2018-05-02 16:15:00,PVSystem.7,3.95072217502124
116,2018-05-02 16:30:00,PVSystem.7,2.9630416312659302
117,2018-05-02 16:45:00,PVSystem.7,1.97536108751062
118,2018-05-02 17:00:00,PVSystem.7,0.9876805437553096
119,2018-05-02 17:15:00,PVSystem.7,0.0
120,2018-05-01 11:30:09,PVSystem.29,49.78389444949954
121,2018-05-01 11:45:00,PVSystem.29,49.8559296329997
122,2018-05-01 12:00:00,PVSystem.29,49.927964816499845
123,2018-05-01 12:15:00,PVSystem.29,50.0
124,2018-05-01 12:30:00,PVSystem.29,48.98013345465575
125,2018-05-01 12:45:00,PVSystem.29,47.96026690931149
126,2018-05-01 13:00:00,PVSystem.29,46.94040036396724
127,2018-05-01 13:15:00,PVSystem.29,45.920533818622985
128,2018-05-01 13:30:00,PVSystem.29,45.35941765241129
129,2018-05-01 13:45:00,PVSystem.29,44.79830148619958
130,2018-05-01 14:00:00,PVSystem.29,44.237185319987866
131,2018-05-01 14:15:00,PVSystem.29,43.676069153776155
132,2018-05-01 14:30:00,PVSystem.29,39.43736730360934
133,2018-05-01 14:45:00,PVSystem.29,35.198665453442516
134,2018-05-01 15:00:00,PVSystem.29,30.959963603275703
135,2018-05-01 15:15:00,PVSystem.29,26.721261753108887
136,2018-05-01 15:30:00,PVSystem.29,22.277828328783745
137,2018-05-01 15:45:00,PVSystem.29,17.8343949044586
138,2018-05-01 16:00:00,PVSystem.29,13.390961480133454
139,2018-05-01 16:15:00,PVSystem.29,8.947528055808311
140,2018-05-01 16:30:00,PVSystem.29,6.710646041856233
141,2018-05-01 16:45:00,PVSystem.29,4.4737640279041555
142,2018-05-01 17:00:00,PVSystem.29,2.2368820139520778
143,2018-05-01 17:15:00,PVSystem.29,0.0
144,2018-05-01 17:30:00,PVSystem.29,0.0
145,2018-05-01 17:45:00,PVSystem.29,0.0
146,2018-05-01 18:00:00,PVSystem.29,0.0
147,2018-05-01 18:15:00,PVSystem.29,0.0
148,2018-05-01 18:30:00,PVSystem.29,0.0
149,2018-05-01 18:45:00,PVSystem.29,0.0
150,2018-05-01 19:00:00,PVSystem.29,0.0
151,2018-05-01 19:15:00,PVSystem.29,0.0
152,2018-05-01 19:30:00,PVSystem.29,0.0
153,2018-05-01 19:45:00,PVSystem.29,0.0
154,2018-05-01 20:00:00,PVSystem.29,0.0
155,2018-05-01 20:15:00,PVSystem.29,0.0
156,2018-05-01 20:30:00,PVSystem.29,0.0
157,2018-05-01 20:45:00,PVSystem.29,0.0
158,2018-05-01 21:00:00,PVSystem.29,0.0
159,2018-05-01 21:15:00,PVSystem.29,0.0
160,2018-05-01 21:30:00,PVSystem.29,0.0
161,2018-05-01 21:45:00,PVSystem.29,0.0
162,2018-05-01 22:00:00,PVSystem.29,0.0
163,2018-05-01 22:15:00,PVSystem.29,0.0
164,2018-05-01 22:30:00,PVSystem.29,0.0
165,2018-05-01 22:45:00,PVSystem.29,0.0
166,2018-05-01 23:00:00,PVSystem.29,0.0
167,2018-05-01 23:15:00,PVSystem.29,0.0
168,2018-05-01 23:30:00,PVSystem.29,0.0
169,2018-05-01 23:45:00,PVSystem.29,0.0
170,2018-05-02 00:00:00,PVSystem.29,0.0
171,2018-05-02 00:15:00,PVSystem.29,0.0
172,2018-05-02 00:30:00,PVSystem.29,0.0
173,2018-05-02 00:45:00,PVSystem.29,0.0
174,2018-05-02 01:00:00,PVSystem.29,0.0
175,2018-05-02 01:15:00,PVSystem.29,0.0
176,2018-05-02 01:30:00,PVSystem.29,0.0
177,2018-05-02 01:45:00,PVSystem.29,0.0
178,2018-05-02 02:00:00,PVSystem.29,0.0
179,2018-05-02 02:15:00,PVSystem.29,0.0
180,2018-05-02 02:30:00,PVSystem.29,0.0
181,2018-05-02 02:45:00,PVSystem.29,0.0
182,2018-05-02 03:00:00,PVSystem.29,0.0
183,2018-05-02 03:15:00,PVSystem.29,0.0
184,2018-05-02 03:30:00,PVSystem.29,0.0
185,2018-05-02 03:45:00,PVSystem.29,0.0
186,2018-05-02 04:00:00,PVSystem.29,0.0
187,2018-05-02 04:15:00,PVSystem.29,0.0
188,2018-05-02 04:30:00,PVSystem.29,0.0
189,2018-05-02 04:45:00,PVSystem.29,0.0
190,2018-05-02 05:00:00,PVSystem.29,0.0
191,2018-05-02 05:15:00,PVSystem.29,0.0
192,2018-05-02 05:30:00,PVSystem.29,0.0
193,2018-05-02 05:45:00,PVSystem.29,0.0
194,2018-05-02 06:00:00,PVSystem.29,0.0
195,2018-05-02 06:15:00,PVSystem.29,0.0
196,2018-05-02 06:30:00,PVSystem.29,1.501924663183943
197,2018-05-02 06:45:00,PVSystem.29,3.003849326367886
198,2018-05-02 07:00:00,PVSystem.29,4.505773989551829
199,2018-05-02 07:15:00,PVSystem.29,6.007698652735771
200,2018-05-02 07:30:00,PVSystem.29,10.743744844652186
201,2018-05-02 07:45:00,PVSystem.29,15.4797910365686
202,2018-05-02 08:00:00,PVSystem.29,20.215837228485015
203,2018-05-02 08:15:00,PVSystem.29,24.95188342040143
204,2018-05-02 08:30:00,PVSystem.29,28.94555952708276
205,2018-05-02 08:45:00,PVSystem.29,32.939235633764085
206,2018-05-02 09:00:00,PVSystem.29,36.93291174044543
207,2018-05-02 09:15:00,PVSystem.29,40.926587847126754
208,2018-05-02 09:30:00,PVSystem.29,42.16387132251856
209,2018-05-02 09:45:00,PVSystem.29,43.401154797910365
210,2018-05-02 10:00:00,PVSystem.29,44.63843827330217
211,2018-05-02 10:15:00,PVSystem.29,45.87572174869398
212,2018-05-02 10:30:00,PVSystem.29,46.10255705251581
213,2018-05-02 10:45:00,PVSystem.29,46.32939235633764
214,2018-05-02 11:00:00,PVSystem.29,46.55622766015947
215,2018-05-02 11:15:00,PVSystem.29,46.7830629639813
216,2018-05-02 11:30:00,PVSystem.29,47.3638988177069
217,2018-05-02 11:45:00,PVSystem.29,47.9447346714325
218,2018-05-02 12:00:00,PVSystem.29,48.525570525158095
219,2018-05-02 12:15:00,PVSystem.29,49.1064063788837
220,2018-05-02 12:30:00,PVSystem.29,49.329804784162775
221,2018-05-02 12:45:00,PVSystem.29,49.553203189441845
222,2018-05-02 13:00:00,PVSystem.29,49.77660159472093
223,2018-05-02 13:15:00,PVSystem.29,50.0
224,2018-05-02 13:30:00,PVSystem.29,48.99298872697278
225,2018-05-02 13:45:00,PVSystem.29,47.985977453945566
226,2018-05-02 14:00:00,PVSystem.29,46.97896618091834
227,2018-05-02 14:15:00,PVSystem.29,45.97195490789112
228,2018-05-02 14:30:00,PVSystem.29,42.59004674182018
229,2018-05-02 14:45:00,PVSystem.29,39.208138575749246
230,2018-05-02 15:00:00,PVSystem.29,35.8262304096783
231,2018-05-02 15:15:00,PVSystem.29,32.444322243607374
232,2018-05-02 15:30:00,PVSystem.29,26.711575474292
233,2018-05-02 15:45:00,PVSystem.29,20.978828704976628
234,2018-05-02 16:00:00,PVSystem.29,15.24608193566126
235,2018-05-02 16:15:00,PVSystem.29,9.51333516634589
236,2018-05-02 16:30:00,PVSystem.29,7.135001374759417
237,2018-05-02 16:45:00,PVSystem.29,4.756667583172945
238,2018-05-02 17:00:00,PVSystem.29,2.3783337915864724
239,2018-05-02 17:15:00,PVSystem.29,0.0
240,2018-05-01 11:30:09,PVSystem.49,49.78389444949954
241,2018-05-01 11:45:00,PVSystem.49,49.8559296329997
242,2018-05-01 12:00:00,PVSystem.49,49.927964816499845
243,2018-05-01 12:15:00,PVSystem.49,50.0
244,2018-05-01 12:30:00,PVSystem.49,48.98013345465575
245,2018-05-01 12:45:00,PVSystem.49,47.96026690931149
246,2018-05-01 13:00:00,PVSystem.49,46.94040036396724
247,2018-05-01 13:15:00,PVSystem.49,45.920533818622985
248,2018-05-01 13:30:00,PVSystem.49,45.35941765241129
249,2018-05-01 13:45:00,PVSystem.49,44.79830148619958
250,2018-05-01 14:00:00,PVSystem.49,44.237185319987866
251,2018-05-01 14:15:00,PVSystem.49,43.676069153776155
252,2018-05-01 14:30:00,PVSystem.49,39.43736730360934
253,2018-05-01 14:45:00,PVSystem.49,35.198665453442516
254,2018-05-01 15:00:00,PVSystem.49,30.959963603275703
255,2018-05-01 15:15:00,PVSystem.49,26.721261753108887
256,2018-05-01 15:30:00,PVSystem.49,22.277828328783745
257,2018-05-01 15:45:00,PVSystem.49,17.8343949044586
258,2018-05-01 16:00:00,PVSystem.49,13.390961480133454
259,2018-05-01 16:15:00,PVSystem.49,8.947528055808311
260,2018-05-01 16:30:00,PVSystem.49,6.710646041856233
261,2018-05-01 16:45:00,PVSystem.49,4.4737640279041555
262,2018-05-01 17:00:00,PVSystem.49,2.2368820139520778
263,2018-05-01 17:15:00,PVSystem.49,0.0
264,2018-05-01 17:30:00,PVSystem.49,0.0
265,2018-05-01 17:45:00,PVSystem.49,0.0
266,2018-05-01 18:00:00,PVSystem.49,0.0
267,2018-05-01 18:15:00,PVSystem.49,0.0
268,2018-05-01 18:30:00,PVSystem.49,0.0
269,2018-05-01 18:45:00,PVSystem.49,0.0
270,2018-05-01 19:00:00,PVSystem.49,0.0
271,2018-05-01 19:15:00,PVSystem.49,0.0
272,2018-05-01 19:30:00,PVSystem.49,0.0
273,2018-05-01 19:45:00,PVSystem.49,0.0
274,2018-05-01 20:00:00,PVSystem.49,0.0
275,2018-05-01 20:15:00,PVSystem.49,0.0
276,2018-05-01 20:30:00,PVSystem.49,0.0
277,2018-05-01 20:45:00,PVSystem.49,0.0
278,2018-05-01 21:00:00,PVSystem.49,0.0
279,2018-05-01 21:15:00,PVSystem.49,0.0
280,2018-05-01 21:30:00,PVSystem.49,0.0
281,2018-05-01 21:45:00,PVSystem.49,0.0
282,2018-05-01 22:00:00,PVSystem.49,0.0
283,2018-05-01 22:15:00,PVSystem.49,0.0
284,2018-05-01 22:30:00,PVSystem.49,0.0
285,2018-05-01 22:45:00,PVSystem.49,0.0
286,2018-05-01 23:00:00,PVSystem.49,0.0
287,2018-05-01 23:15:00,PVSystem.49,0.0
288,2018-05-01 23:30:00,PVSystem.49,0.0
289,2018-05-01 23:45:00,PVSystem.49,0.0
290,2018-05-02 00:00:00,PVSystem.49,0.0
291,2018-05-02 00:15:00,PVSystem.49,0.0
292,2018-05-02 00:30:00,PVSystem.49,0.0
293,2018-05-02 00:45:00,PVSystem.49,0.0
294,2018-05-02 01:00:00,PVSystem.49,0.0
295,2018-05-02 01:15:00,PVSystem.49,0.0
296,2018-05-02 01:30:00,PVSystem.49,0.0
297,2018-05-02 01:45:00,PVSystem.49,0.0
298,2018-05-02 02:00:00,PVSystem.49,0.0
299,2018-05-02 02:15:00,PVSystem.49,0.0
300,2018-05-02 02:30:00,PVSystem.49,0.0
301,2018-05-02 02:45:00,PVSystem.49,0.0
302,2018-05-02 03:00:00,PVSystem.49,0.0
303,2018-05-02 03:15:00,PVSystem.49,0.0
304,2018-05-02 03:30:00,PVSystem.49,0.0
305,2018-05-02 03:45:00,PVSystem.49,0.0
306,2018-05-02 04:00:00,PVSystem.49,0.0
307,2018-05-02 04:15:00,PVSystem.49,0.0
308,2018-05-02 04:30:00,PVSystem.49,0.0
309,2018-05-02 04:45:00,PVSystem.49,0.0
310,2018-05-02 05:00:00,PVSystem.49,0.0
311,2018-05-02 05:15:00,PVSystem.49,0.0
312,2018-05-02 05:30:00,PVSystem.49,0.0
313,2018-05-02 05:45:00,PVSystem.49,0.0
314,2018-05-02 06:00:00,PVSystem.49,0.0
315,2018-05-02 06:15:00,PVSystem.49,0.0
316,2018-05-02 06:30:00,PVSystem.49,1.501924663183943
317,2018-05-02 06:45:00,PVSystem.49,3.003849326367886
318,2018-05-02 07:00:00,PVSystem.49,4.505773989551829
319,2018-05-02 07:15:00,PVSystem.49,6.007698652735771
320,2018-05-02 07:30:00,PVSystem.49,10.743744844652186
321,2018-05-02 07:45:00,PVSystem.49,15.4797910365686
322,2018-05-02 08:00:00,PVSystem.49,20.215837228485015
323,2018-05-02 08:15:00,PVSystem.49,24.95188342040143
324,2018-05-02 08:30:00,PVSystem.49,28.94555952708276
325,2018-05-02 08:45:00,PVSystem.49,32.939235633764085
326,2018-05-02 09:00:00,PVSystem.49,36.93291174044543
327,2018-05-02 09:15:00,PVSystem.49,40.926587847126754
328,2018-05-02 09:30:00,PVSystem.49,42.16387132251856
329,2018-05-02 09:45:00,PVSystem.49,43.401154797910365
330,2018-05-02 10:00:00,PVSystem.49,44.63843827330217
331,2018-05-02 10:15:00,PVSystem.49,45.87572174869398
332,2018-05-02 10:30:00,PVSystem.49,46.10255705251581
333,2018-05-02 10:45:00,PVSystem.49,46.32939235633764
334,2018-05-02 11:00:00,PVSystem.49,46.55622766015947
335,2018-05-02 11:15:00,PVSystem.49,46.7830629639813
336,2018-05-02 11:30:00,PVSystem.49,47.3638988177069
337,2018-05-02 11:45:00,PVSystem.49,47.9447346714325
338,2018-05-02 12:00:00,PVSystem.49,48.525570525158095
339,2018-05-02 12:15:00,PVSystem.49,49.1064063788837
340,2018-05-02 12:30:00,PVSystem.49,49.329804784162775
341,2018-05-02 12:45:00,PVSystem.49,49.553203189441845
342,2018-05-02 13:00:00,PVSystem.49,49.77660159472093
343,2018-05-02 13:15:00,PVSystem.49,50.0
344,2018-05-02 13:30:00,PVSystem.49,48.99298872697278
345,2018-05-02 13:45:00,PVSystem.49,47.985977453945566
346,2018-05-02 14:00:00,PVSystem.49,46.97896618091834
347,2018-05-02 14:15:00,PVSystem.49,45.97195490789112
348,2018-05-02 14:30:00,PVSystem.49,42.59004674182018
349,2018-05-02 14:45:00,PVSystem.49,39.208138575749246
350,2018-05-02 15:00:00,PVSystem.49,35.8262304096783
351,2018-05-02 15:15:00,PVSystem.49,32.444322243607374
352,2018-05-02 15:30:00,PVSystem.49,26.711575474292
353,2018-05-02 15:45:00,PVSystem.49,20.978828704976628
354,2018-05-02 16:00:00,PVSystem.49,15.24608193566126
355,2018-05-02 16:15:00,PVSystem.49,9.51333516634589
356,2018-05-02 16:30:00,PVSystem.49,7.135001374759417
357,2018-05-02 16:45:00,PVSystem.49,4.756667583172945
358,2018-05-02 17:00:00,PVSystem.49,2.3783337915864724
359,2018-05-02 17:15:00,PVSystem.49,0.0
360,2018-05-01 11:30:09,PVSystem.55,49.701519536903035
361,2018-05-01 11:45:00,PVSystem.55,49.403039073806085
362,2018-05-01 12:00:00,PVSystem.55,49.10455861070911
363,2018-05-01 12:15:00,PVSystem.55,48.80607814761216
364,2018-05-01 12:30:00,PVSystem.55,47.56994693680656
365,2018-05-01 12:45:00,PVSystem.55,46.33381572600096
366,2018-05-01 13:00:00,PVSystem.55,45.09768451519537
367,2018-05-01 13:15:00,PVSystem.55,43.86155330438977
368,2018-05-01 13:30:00,PVSystem.55,42.57416787264833
369,2018-05-01 13:45:00,PVSystem.55,41.2867824409069
370,2018-05-01 14:00:00,PVSystem.55,39.99939700916546
371,2018-05-01 14:15:00,PVSystem.55,38.71201157742403
372,2018-05-01 14:30:00,PVSystem.55,34.31620839363242
373,2018-05-01 14:45:00,PVSystem.55,29.920405209840812
374,2018-05-01 15:00:00,PVSystem.55,25.5246020260492
375,2018-05-01 15:15:00,PVSystem.55,21.1287988422576
376,2018-05-01 15:30:00,PVSystem.55,15.858658948383988
377,2018-05-01 15:45:00,PVSystem.55,10.588519054510371
378,2018-05-01 16:00:00,PVSystem.55,5.318379160636758
379,2018-05-01 16:15:00,PVSystem.55,0.0482392667631451
380,2018-05-01 16:30:00,PVSystem.55,0.0361794500723588
381,2018-05-01 16:45:00,PVSystem.55,0.0241196333815725
382,2018-05-01 17:00:00,PVSystem.55,0.0120598166907862
383,2018-05-01 17:15:00,PVSystem.55,0.0
384,2018-05-01 17:30:00,PVSystem.55,0.0
385,2018-05-01 17:45:00,PVSystem.55,0.0
386,2018-05-01 18:00:00,PVSystem.55,0.0
387,2018-05-01 18:15:00,PVSystem.55,0.0
388,2018-05-01 18:30:00,PVSystem.55,0.0
389,2018-05-01 18:45:00,PVSystem.55,0.0
390,2018-05-01 19:00:00,PVSystem.55,0.0
391,2018-05-01 19:15:00,PVSystem.55,0.0
392,2018-05-01 19:30:00,PVSystem.55,0.0
393,2018-05-01 19:45:00,PVSystem.55,0.0
394,2018-05-01 20:00:00,PVSystem.55,0.0
395,2018-05-01 20:15:00,PVSystem.55,0.0
396,2018-05-01 20:30:00,PVSystem.55,0.0
397,2018-05-01 20:45:00,PVSystem.55,0.0
398,2018-05-01 21:00:00,PVSystem.55,0.0
399,2018-05-01 21:15:00,PVSystem.55,0.0
400,2018-05-01 21:30:00,PVSystem.55,0.0
401,2018-05-01 21:45:00,PVSystem.55,0.0
402,2018-05-01 22:00:00,PVSystem.55,0.0
403,2018-05-01 22:15:00,PVSystem.55,0.0
404,2018-05-01 22:30:00,PVSystem.55,0.0
405,2018-05-01 22:45:00,PVSystem.55,0.0
406,2018-05-01 23:00:00,PVSystem.55,0.0
407,2018-05-01 23:15:00,PVSystem.55,0.0
408,2018-05-01 23:30:00,PVSystem.55,0.0
409,2018-05-01 23:45:00,PVSystem.55,0.0
410,2018-05-02 00:00:00,PVSystem.55,0.0
411,2018-05-02 00:15:00,PVSystem.55,0.0
412,2018-05-02 00:30:00,PVSystem.55,0.0
413,2018-05-02 00:45:00,PVSystem.55,0.0
414,2018-05-02 01:00:00,PVSystem.55,0.0
415,2018-05-02 01:15:00,PVSystem.55,0.0
416,2018-05-02 01:30:00,PVSystem.55,0.0
417,2018-05-02 01:45:00,PVSystem.55,0.0
418,2018-05-02 02:00:00,PVSystem.55,0.0
419,2018-05-02 02:15:00,PVSystem.55,0.0
420,2018-05-02 02:30:00,PVSystem.55,0.0
421,2018-05-02 02:45:00,PVSystem.55,0.0
422,2018-05-02 03:00:00,PVSystem.55,0.0
423,2018-05-02 03:15:00,PVSystem.55,0.0
424,2018-05-02 03:30:00,PVSystem.55,0.0
425,2018-05-02 03:45:00,PVSystem.55,0.0
426,2018-05-02 04:00:00,PVSystem.55,0.0
427,2018-05-02 04:15:00,PVSystem.55,0.0
428,2018-05-02 04:30:00,PVSystem.55,0.0
429,2018-05-02 04:45:00,PVSystem.55,0.0
430,2018-05-02 05:00:00,PVSystem.55,0.0
431,2018-05-02 05:15:00,PVSystem.55,0.0
432,2018-05-02 05:30:00,PVSystem.55,0.0
433,2018-05-02 05:45:00,PVSystem.55,0.0
434,2018-05-02 06:00:00,PVSystem.55,0.0
435,2018-05-02 06:15:00,PVSystem.55,0.0
436,2018-05-02 06:30:00,PVSystem.55,0.7552164434755528
437,2018-05-02 06:45:00,PVSystem.55,1.5104328869511057
438,2018-05-02 07:00:00,PVSystem.55,2.2656493304266583
439,2018-05-02 07:15:00,PVSystem.55,3.0208657739022113
440,2018-05-02 07:30:00,PVSystem.55,7.345842416692619
441,2018-05-02 07:45:00,PVSystem.55,11.670819059483026
442,2018-05-02 08:00:00,PVSystem.55,15.995795702273435
443,2018-05-02 08:15:00,PVSystem.55,20.320772345063844
444,2018-05-02 08:30:00,PVSystem.55,23.793210837745253
445,2018-05-02 08:45:00,PVSystem.55,27.265649330426655
446,2018-05-02 09:00:00,PVSystem.55,30.738087823108067
447,2018-05-02 09:15:00,PVSystem.55,34.21052631578947
448,2018-05-02 09:30:00,PVSystem.55,36.01292432264092
449,2018-05-02 09:45:00,PVSystem.55,37.81532232949237
450,2018-05-02 10:00:00,PVSystem.55,39.617720336343815
451,2018-05-02 10:15:00,PVSystem.55,41.42011834319527
452,2018-05-02 10:30:00,PVSystem.55,43.17190906259732
453,2018-05-02 10:45:00,PVSystem.55,44.923699781999375
454,2018-05-02 11:00:00,PVSystem.55,46.675490501401434
455,2018-05-02 11:15:00,PVSystem.55,48.427281220803486
456,2018-05-02 11:30:00,PVSystem.55,48.820460915602624
457,2018-05-02 11:45:00,PVSystem.55,49.21364061040174
458,2018-05-02 12:00:00,PVSystem.55,49.60682030520087
459,2018-05-02 12:15:00,PVSystem.55,50.0
460,2018-05-02 12:30:00,PVSystem.55,49.85985674244783
461,2018-05-02 12:45:00,PVSystem.55,49.71971348489567
462,2018-05-02 13:00:00,PVSystem.55,49.5795702273435
463,2018-05-02 13:15:00,PVSystem.55,49.43942696979134
464,2018-05-02 13:30:00,PVSystem.55,46.06820305200872
465,2018-05-02 13:45:00,PVSystem.55,42.6969791342261
466,2018-05-02 14:00:00,PVSystem.55,39.32575521644347
467,2018-05-02 14:15:00,PVSystem.55,35.95453129866086
468,2018-05-02 14:30:00,PVSystem.55,31.216910619744624
469,2018-05-02 14:45:00,PVSystem.55,26.479289940828405
470,2018-05-02 15:00:00,PVSystem.55,21.74166926191218
471,2018-05-02 15:15:00,PVSystem.55,17.00404858299595
472,2018-05-02 15:30:00,PVSystem.55,12.7569293055123
473,2018-05-02 15:45:00,PVSystem.55,8.509810028028651
474,2018-05-02 16:00:00,PVSystem.55,4.262690750545001
475,2018-05-02 16:15:00,PVSystem.55,0.0155714730613516
476,2018-05-02 16:30:00,PVSystem.55,0.0116786047960137
477,2018-05-02 16:45:00,PVSystem.55,0.0077857365306758
478,2018-05-02 17:00:00,PVSystem.55,0.0038928682653379
479,2018-05-02 17:15:00,PVSystem.55,0.0
480,2018-05-01 11:30:09,PVSystem.63,48.81926584054244
481,2018-05-01 11:45:00,PVSystem.63,49.09983633387889
482,2018-05-01 12:00:00,PVSystem.63,49.38040682721534
483,2018-05-01 12:15:00,PVSystem.63,49.660977320551794
484,2018-05-01 12:30:00,PVSystem.63,49.74573299041385
485,2018-05-01 12:45:00,PVSystem.63,49.8304886602759
486,2018-05-01 13:00:00,PVSystem.63,49.915244330137945
487,2018-05-01 13:15:00,PVSystem.63,50.0
488,2018-05-01 13:30:00,PVSystem.63,48.70236146831892
489,2018-05-01 13:45:00,PVSystem.63,47.404722936637825
490,2018-05-01 14:00:00,PVSystem.63,46.107084404956744
491,2018-05-01 14:15:00,PVSystem.63,44.80944587327566
492,2018-05-01 14:30:00,PVSystem.63,41.12695814823474
493,2018-05-01 14:45:00,PVSystem.63,37.44447042319383
494,2018-05-01 15:00:00,PVSystem.63,33.761982698152906
495,2018-05-01 15:15:00,PVSystem.63,30.07949497311199
496,2018-05-01 15:30:00,PVSystem.63,24.275192892214168
497,2018-05-01 15:45:00,PVSystem.63,18.470890811316345
498,2018-05-01 16:00:00,PVSystem.63,12.666588730418518
499,2018-05-01 16:15:00,PVSystem.63,6.8622866495206924
500,2018-05-01 16:30:00,PVSystem.63,5.146714987140519
501,2018-05-01 16:45:00,PVSystem.63,3.4311433247603462
502,2018-05-01 17:00:00,PVSystem.63,1.7155716623801731
503,2018-05-01 17:15:00,PVSystem.63,0.0
504,2018-05-01 17:30:00,PVSystem.63,0.0
505,2018-05-01 17:45:00,PVSystem.63,0.0
506,2018-05-01 18:00:00,PVSystem.63,0.0
507,2018-05-01 18:15:00,PVSystem.63,0.0
508,2018-05-01 18:30:00,PVSystem.63,0.0
509,2018-05-01 18:45:00,PVSystem.63,0.0
510,2018-05-01 19:00:00,PVSystem.63,0.0
511,2018-05-01 19:15:00,PVSystem.63,0.0
512,2018-05-01 19:30:00,PVSystem.63,0.0
513,2018-05-01 19:45:00,PVSystem.63,0.0
514,2018-05-01 20:00:00,PVSystem.63,0.0
515,2018-05-01 20:15:00,PVSystem.63,0.0
516,2018-05-01 20:30:00,PVSystem.63,0.0
517,2018-05-01 20:45:00,PVSystem.63,0.0
518,2018-05-01 21:00:00,PVSystem.63,0.0
519,2018-05-01 21:15:00,PVSystem.63,0.0
520,2018-05-01 21:30:00,PVSystem.63,0.0
521,2018-05-01 21:45:00,PVSystem.63,0.0
522,2018-05-01 22:00:00,PVSystem.63,0.0
523,2018-05-01 22:15:00,PVSystem.63,0.0
524,2018-05-01 22:30:00,PVSystem.63,0.0
525,2018-05-01 22:45:00,PVSystem.63,0.0
526,2018-05-01 23:00:00,PVSystem.63,0.0
527,2018-05-01 23:15:00,PVSystem.63,0.0
528,2018-05-01 23:30:00,PVSystem.63,0.0
529,2018-05-01 23:45:00,PVSystem.63,0.0
530,2018-05-02 00:00:00,PVSystem.63,0.0
531,2018-05-02 00:15:00,PVSystem.63,0.0
532,2018-05-02 00:30:00,PVSystem.63,0.0
533,2018-05-02 00:45:00,PVSystem.63,0.0
534,2018-05-02 01:00:00,PVSystem.63,0.0
535,2018-05-02 01:15:00,PVSystem.63,0.0
536,2018-05-02 01:30:00,PVSystem.63,0.0
537,2018-05-02 01:45:00,PVSystem.63,0.0
538,2018-05-02 02:00:00,PVSystem.63,0.0
539,2018-05-02 02:15:00,PVSystem.63,0.0
540,2018-05-02 02:30:00,PVSystem.63,0.0
541,2018-05-02 02:45:00,PVSystem.63,0.0
542,2018-05-02 03:00:00,PVSystem.63,0.0
543,2018-05-02 03:15:00,PVSystem.63,0.0
544,2018-05-02 03:30:00,PVSystem.63,0.0
545,2018-05-02 03:45:00,PVSystem.63,0.0
546,2018-05-02 04:00:00,PVSystem.63,0.0
547,2018-05-02 04:15:00,PVSystem.63,0.0
548,2018-05-02 04:30:00,PVSystem.63,0.0
549,2018-05-02 04:45:00,PVSystem.63,0.0
550,2018-05-02 05:00:00,PVSystem.63,0.0
551,2018-05-02 05:15:00,PVSystem.63,0.0
552,2018-05-02 05:30:00,PVSystem.63,0.0
553,2018-05-02 05:45:00,PVSystem.63,0.0
554,2018-05-02 06:00:00,PVSystem.63,0.0
555,2018-05-02 06:15:00,PVSystem.63,0.0
556,2018-05-02 06:30:00,PVSystem.63,1.7070484581497798
557,2018-05-02 06:45:00,PVSystem.63,3.4140969162995596
558,2018-05-02 07:00:00,PVSystem.63,5.12114537444934
559,2018-05-02 07:15:00,PVSystem.63,6.828193832599119
560,2018-05-02 07:30:00,PVSystem.63,11.915687714145864
561,2018-05-02 07:45:00,PVSystem.63,17.003181595692613
562,2018-05-02 08:00:00,PVSystem.63,22.090675477239355
563,2018-05-02 08:15:00,PVSystem.63,27.178169358786096
564,2018-05-02 08:30:00,PVSystem.63,30.925721977484095
565,2018-05-02 08:45:00,PVSystem.63,34.67327459618208
566,2018-05-02 09:00:00,PVSystem.63,38.42082721488008
567,2018-05-02 09:15:00,PVSystem.63,42.16837983357807
568,2018-05-02 09:30:00,PVSystem.63,43.67351933431229
569,2018-05-02 09:45:00,PVSystem.63,45.1786588350465
570,2018-05-02 10:00:00,PVSystem.63,46.683798335780715
571,2018-05-02 10:15:00,PVSystem.63,48.18893783651493
572,2018-05-02 10:30:00,PVSystem.63,48.52239353891336
573,2018-05-02 10:45:00,PVSystem.63,48.855849241311795
574,2018-05-02 11:00:00,PVSystem.63,49.189304943710226
575,2018-05-02 11:15:00,PVSystem.63,49.522760646108665
576,2018-05-02 11:30:00,PVSystem.63,49.642070484581495
577,2018-05-02 11:45:00,PVSystem.63,49.76138032305433
578,2018-05-02 12:00:00,PVSystem.63,49.88069016152716
579,2018-05-02 12:15:00,PVSystem.63,50.0
580,2018-05-02 12:30:00,PVSystem.63,49.97246696035242
581,2018-05-02 12:45:00,PVSystem.63,49.94493392070485
582,2018-05-02 13:00:00,PVSystem.63,49.91740088105727
583,2018-05-02 13:15:00,PVSystem.63,49.88986784140968
584,2018-05-02 13:30:00,PVSystem.63,48.51933431228586
585,2018-05-02 13:45:00,PVSystem.63,47.14880078316202
586,2018-05-02 14:00:00,PVSystem.63,45.77826725403818
587,2018-05-02 14:15:00,PVSystem.63,44.40773372491434
588,2018-05-02 14:30:00,PVSystem.63,40.87126774351443
589,2018-05-02 14:45:00,PVSystem.63,37.33480176211454
590,2018-05-02 15:00:00,PVSystem.63,33.79833578071463
591,2018-05-02 15:15:00,PVSystem.63,30.261869799314734
592,2018-05-02 15:30:00,PVSystem.63,24.482990699951053
593,2018-05-02 15:45:00,PVSystem.63,18.70411160058737
594,2018-05-02 16:00:00,PVSystem.63,12.925232501223691
595,2018-05-02 16:15:00,PVSystem.63,7.146353401860011
596,2018-05-02 16:30:00,PVSystem.63,5.359765051395008
597,2018-05-02 16:45:00,PVSystem.63,3.5731767009300053
598,2018-05-02 17:00:00,PVSystem.63,1.7865883504650033
599,2018-05-02 17:15:00,PVSystem.63,0.0
600,2018-05-01 11:30:09,PVSystem.68,47.991409802930775
601,2018-05-01 11:45:00,PVSystem.68,48.66093986862052
602,2018-05-01 12:00:00,PVSystem.68,49.33046993431026
603,2018-05-01 12:15:00,PVSystem.68,50.0
604,2018-05-01 12:30:00,PVSystem.68,48.31038403233956
605,2018-05-01 12:45:00,PVSystem.68,46.62076806467913
606,2018-05-01 13:00:00,PVSystem.68,44.931152097018696
607,2018-05-01 13:15:00,PVSystem.68,43.24153612935825
608,2018-05-01 13:30:00,PVSystem.68,41.504547751389595
609,2018-05-01 13:45:00,PVSystem.68,39.76755937342091
610,2018-05-01 14:00:00,PVSystem.68,38.03057099545225
611,2018-05-01 14:15:00,PVSystem.68,36.29358261748358
612,2018-05-01 14:30:00,PVSystem.68,33.22069226882264
613,2018-05-01 14:45:00,PVSystem.68,30.147801920161697
614,2018-05-01 15:00:00,PVSystem.68,27.07491157150076
615,2018-05-01 15:15:00,PVSystem.68,24.00202122283982
616,2018-05-01 15:30:00,PVSystem.68,19.80166750884285
617,2018-05-01 15:45:00,PVSystem.68,15.60131379484588
618,2018-05-01 16:00:00,PVSystem.68,11.400960080848916
619,2018-05-01 16:15:00,PVSystem.68,7.200606366851946
620,2018-05-01 16:30:00,PVSystem.68,5.400454775138959
621,2018-05-01 16:45:00,PVSystem.68,3.600303183425973
622,2018-05-01 17:00:00,PVSystem.68,1.8001515917129864
623,2018-05-01 17:15:00,PVSystem.68,0.0
624,2018-05-01 17:30:00,PVSystem.68,0.0
625,2018-05-01 17:45:00,PVSystem.68,0.0
626,2018-05-01 18:00:00,PVSystem.68,0.0
627,2018-05-01 18:15:00,PVSystem.68,0.0
628,2018-05-01 18:30:00,PVSystem.68,0.0
629,2018-05-01 18:45:00,PVSystem.68,0.0
630,2018-05-01 19:00:00,PVSystem.68,0.0
631,2018-05-01 19:15:00,PVSystem.68,0.0
632,2018-05-01 19:30:00,PVSystem.68,0.0
633,2018-05-01 19:45:00,PVSystem.68,0.0
634,2018-05-01 20:00:00,PVSystem.68,0.0
635,2018-05-01 20:15:00,PVSystem.68,0.0
636,2018-05-01 20:30:00,PVSystem.68,0.0
637,2018-05-01 20:45:00,PVSystem.68,0.0
638,2018-05-01 21:00:00,PVSystem.68,0.0
639,2018-05-01 21:15:00,PVSystem.68,0.0
640,2018-05-01 21:30:00,PVSystem.68,0.0
641,2018-05-01 21:45:00,PVSystem.68,0.0
642,2018-05-01 22:00:00,PVSystem.68,0.0
643,2018-05-01 22:15:00,PVSystem.68,0.0
644,2018-05-01 22:30:00,PVSystem.68,0.0
645,2018-05-01 22:45:00,PVSystem.68,0.0
646,2018-05-01 23:00:00,PVSystem.68,0.0
647,2018-05-01 23:15:00,PVSystem.68,0.0
648,2018-05-01 23:30:00,PVSystem.68,0.0
649,2018-05-01 23:45:00,PVSystem.68,0.0
650,2018-05-02 00:00:00,PVSystem.68,0.0
651,2018-05-02 00:15:00,PVSystem.68,0.0
652,2018-05-02 00:30:00,PVSystem.68,0.0
653,2018-05-02 00:45:00,PVSystem.68,0.0
654,2018-05-02 01:00:00,PVSystem.68,0.0
655,2018-05-02 01:15:00,PVSystem.68,0.0
656,2018-05-02 01:30:00,PVSystem.68,0.0
657,2018-05-02 01:45:00,PVSystem.68,0.0
658,2018-05-02 02:00:00,PVSystem.68,0.0
659,2018-05-02 02:15:00,PVSystem.68,0.0
660,2018-05-02 02:30:00,PVSystem.68,0.0
661,2018-05-02 02:45:00,PVSystem.68,0.0
662,2018-05-02 03:00:00,PVSystem.68,0.0
663,2018-05-02 03:15:00,PVSystem.68,0.0
664,2018-05-02 03:30:00,PVSystem.68,0.0
665,2018-05-02 03:45:00,PVSystem.68,0.0
666,2018-05-02 04:00:00,PVSystem.68,0.0
667,2018-05-02 04:15:00,PVSystem.68,0.0
668,2018-05-02 04:30:00,PVSystem.68,0.0
669,2018-05-02 04:45:00,PVSystem.68,0.0
670,2018-05-02 05:00:00,PVSystem.68,0.0
671,2018-05-02 05:15:00,PVSystem.68,0.0
672,2018-05-02 05:30:00,PVSystem.68,0.0
673,2018-05-02 05:45:00,PVSystem.68,0.0
674,2018-05-02 06:00:00,PVSystem.68,0.0
675,2018-05-02 06:15:00,PVSystem.68,0.0
676,2018-05-02 06:30:00,PVSystem.68,1.5859481582537516
677,2018-05-02 06:45:00,PVSystem.68,3.171896316507503
678,2018-05-02 07:00:00,PVSystem.68,4.757844474761256
679,2018-05-02 07:15:00,PVSystem.68,6.343792633015006
680,2018-05-02 07:30:00,PVSystem.68,10.330832196452931
681,2018-05-02 07:45:00,PVSystem.68,14.31787175989086
682,2018-05-02 08:00:00,PVSystem.68,18.304911323328785
683,2018-05-02 08:15:00,PVSystem.68,22.291950886766713
684,2018-05-02 08:30:00,PVSystem.68,25.559345156889496
685,2018-05-02 08:45:00,PVSystem.68,28.82673942701228
686,2018-05-02 09:00:00,PVSystem.68,32.094133697135064
687,2018-05-02 09:15:00,PVSystem.68,35.36152796725785
688,2018-05-02 09:30:00,PVSystem.68,37.94679399727149
689,2018-05-02 09:45:00,PVSystem.68,40.53206002728513
690,2018-05-02 10:00:00,PVSystem.68,43.117326057298776
691,2018-05-02 10:15:00,PVSystem.68,45.70259208731242
692,2018-05-02 10:30:00,PVSystem.68,46.17667121418827
693,2018-05-02 10:45:00,PVSystem.68,46.65075034106412
694,2018-05-02 11:00:00,PVSystem.68,47.124829467939975
695,2018-05-02 11:15:00,PVSystem.68,47.598908594815825
696,2018-05-02 11:30:00,PVSystem.68,47.99454297407912
697,2018-05-02 11:45:00,PVSystem.68,48.39017735334243
698,2018-05-02 12:00:00,PVSystem.68,48.78581173260573
699,2018-05-02 12:15:00,PVSystem.68,49.18144611186903
700,2018-05-02 12:30:00,PVSystem.68,49.38608458390178
701,2018-05-02 12:45:00,PVSystem.68,49.59072305593451
702,2018-05-02 13:00:00,PVSystem.68,49.79536152796726
703,2018-05-02 13:15:00,PVSystem.68,50.0
704,2018-05-02 13:30:00,PVSystem.68,48.94952251023192
705,2018-05-02 13:45:00,PVSystem.68,47.899045020463845
706,2018-05-02 14:00:00,PVSystem.68,46.84856753069578
707,2018-05-02 14:15:00,PVSystem.68,45.79809004092769
708,2018-05-02 14:30:00,PVSystem.68,43.59481582537517
709,2018-05-02 14:45:00,PVSystem.68,41.391541609822646
710,2018-05-02 15:00:00,PVSystem.68,39.18826739427011
711,2018-05-02 15:15:00,PVSystem.68,36.9849931787176
712,2018-05-02 15:30:00,PVSystem.68,30.74693042291951
713,2018-05-02 15:45:00,PVSystem.68,24.50886766712142
714,2018-05-02 16:00:00,PVSystem.68,18.270804911323328
715,2018-05-02 16:15:00,PVSystem.68,12.03274215552524
716,2018-05-02 16:30:00,PVSystem.68,9.02455661664393
717,2018-05-02 16:45:00,PVSystem.68,6.01637107776262
718,2018-05-02 17:00:00,PVSystem.68,3.00818553888131
719,2018-05-02 17:15:00,PVSystem.68,0.0
720,2018-05-01 11:30:09,PVSystem.80,49.642070484581495
721,2018-05-01 11:45:00,PVSystem.80,49.76138032305433
722,2018-05-01 12:00:00,PVSystem.80,49.88069016152716
723,2018-05-01 12:15:00,PVSystem.80,50.0
724,2018-05-01 12:30:00,PVSystem.80,49.97246696035242
725,2018-05-01 12:45:00,PVSystem.80,49.94493392070485
726,2018-05-01 13:00:00,PVSystem.80,49.91740088105727
727,2018-05-01 13:15:00,PVSystem.80,49.88986784140968
728,2018-05-01 13:30:00,PVSystem.80,48.51933431228586
729,2018-05-01 13:45:00,PVSystem.80,47.14880078316202
730,2018-05-01 14:00:00,PVSystem.80,45.77826725403818
731,2018-05-01 14:15:00,PVSystem.80,44.40773372491434
732,2018-05-01 14:30:00,PVSystem.80,40.87126774351443
733,2018-05-01 14:45:00,PVSystem.80,37.33480176211454
734,2018-05-01 15:00:00,PVSystem.80,33.79833578071463
735,2018-05-01 15:15:00,PVSystem.80,30.261869799314734
736,2018-05-01 15:30:00,PVSystem.80,24.482990699951053
737,2018-05-01 15:45:00,PVSystem.80,18.70411160058737
738,2018-05-01 16:00:00,PVSystem.80,12.925232501223691
739,2018-05-01 16:15:00,PVSystem.80,7.146353401860011
740,2018-05-01 16:30:00,PVSystem.80,5.359765051395008
741,2018-05-01 16:45:00,PVSystem.80,3.5731767009300053
742,2018-05-01 17:00:00,PVSystem.80,1.7865883504650033
743,2018-05-01 17:15:00,PVSystem.80,0.0
744,2018-05-01 17:30:00,PVSystem.80,0.0
745,2018-05-01 17:45:00,PVSystem.80,0.0
746,2018-05-01 18:00:00,PVSystem.80,0.0
747,2018-05-01 18:15:00,PVSystem.80,0.0
748,2018-05-01 18:30:00,PVSystem.80,0.0
749,2018-05-01 18:45:00,PVSystem.80,0.0
750,2018-05-01 19:00:00,PVSystem.80,0.0
751,2018-05-01 19:15:00,PVSystem.80,0.0
752,2018-05-01 19:30:00,PVSystem.80,0.0
753,2018-05-01 19:45:00,PVSystem.80,0.0
754,2018-05-01 20:00:00,PVSystem.80,0.0
755,2018-05-01 20:15:00,PVSystem.80,0.0
756,2018-05-01 20:30:00,PVSystem.80,0.0
757,2018-05-01 20:45:00,PVSystem.80,0.0
758,2018-05-01 21:00:00,PVSystem.80,0.0
759,2018-05-01 21:15:00,PVSystem.80,0.0
760,2018-05-01 21:30:00,PVSystem.80,0.0
761,2018-05-01 21:45:00,PVSystem.80,0.0
762,2018-05-01 22:00:00,PVSystem.80,0.0
763,2018-05-01 22:15:00,PVSystem.80,0.0
764,2018-05-01 22:30:00,PVSystem.80,0.0
765,2018-05-01 22:45:00,PVSystem.80,0.0
766,2018-05-01 23:00:00,PVSystem.80,0.0
767,2018-05-01 23:15:00,PVSystem.80,0.0
768,2018-05-01 23:30:00,PVSystem.80,0.0
769,2018-05-01 23:45:00,PVSystem.80,0.0
770,2018-05-02 00:00:00,PVSystem.80,0.0
771,2018-05-02 00:15:00,PVSystem.80,0.0
772,2018-05-02 00:30:00,PVSystem.80,0.0
773,2018-05-02 00:45:00,PVSystem.80,0.0
774,2018-05-02 01:00:00,PVSystem.80,0.0
775,2018-05-02 01:15:00,PVSystem.80,0.0
776,2018-05-02 01:30:00,PVSystem.80,0.0
777,2018-05-02 01:45:00,PVSystem.80,0.0
778,2018-05-02 02:00:00,PVSystem.80,0.0
779,2018-05-02 02:15:00,PVSystem.80,0.0
780,2018-05-02 02:30:00,PVSystem.80,0.0
781,2018-05-02 02:45:00,PVSystem.80,0.0
782,2018-05-02 03:00:00,PVSystem.80,0.0
783,2018-05-02 03:15:00,PVSystem.80,0.0
784,2018-05-02 03:30:00,PVSystem.80,0.0
785,2018-05-02 03:45:00,PVSystem.80,0.0
786,2018-05-02 04:00:00,PVSystem.80,0.0
787,2018-05-02 04:15:00,PVSystem.80,0.0
788,2018-05-02 04:30:00,PVSystem.80,0.0
789,2018-05-02 04:45:00,PVSystem.80,0.0
790,2018-05-02 05:00:00,PVSystem.80,0.0
791,2018-05-02 05:15:00,PVSystem.80,0.0
792,2018-05-02 05:30:00,PVSystem.80,0.0
793,2018-05-02 05:45:00,PVSystem.80,0.0
794,2018-05-02 06:00:00,PVSystem.80,0.0
795,2018-05-02 06:15:00,PVSystem.80,0.0
796,2018-05-02 06:30:00,PVSystem.80,1.8948655256723717
797,2018-05-02 06:45:00,PVSystem.80,3.7897310513447433
798,2018-05-02 07:00:00,PVSystem.80,5.684596577017116
799,2018-05-02 07:15:00,PVSystem.80,7.579462102689487
800,2018-05-02 07:30:00,PVSystem.80,12.829394186362403
801,2018-05-02 07:45:00,PVSystem.80,18.079326270035313
802,2018-05-02 08:00:00,PVSystem.80,23.329258353708234
803,2018-05-02 08:15:00,PVSystem.80,28.579190437381147
804,2018-05-02 08:30:00,PVSystem.80,31.306030969845143
805,2018-05-02 08:45:00,PVSystem.80,34.032871502309156
806,2018-05-02 09:00:00,PVSystem.80,36.759712034773166
807,2018-05-02 09:15:00,PVSystem.80,39.48655256723717
808,2018-05-02 09:30:00,PVSystem.80,40.902607986960064
809,2018-05-02 09:45:00,PVSystem.80,42.318663406682965
810,2018-05-02 10:00:00,PVSystem.80,43.734718826405874
811,2018-05-02 10:15:00,PVSystem.80,45.15077424612877
812,2018-05-02 10:30:00,PVSystem.80,46.363080684596575
813,2018-05-02 10:45:00,PVSystem.80,47.57538712306438
814,2018-05-02 11:00:00,PVSystem.80,48.787693561532194
815,2018-05-02 11:15:00,PVSystem.80,50.0
816,2018-05-02 11:30:00,PVSystem.80,49.466856832382504
817,2018-05-02 11:45:00,PVSystem.80,48.93371366476501
818,2018-05-02 12:00:00,PVSystem.80,48.40057049714751
819,2018-05-02 12:15:00,PVSystem.80,47.867427329530024
820,2018-05-02 12:30:00,PVSystem.80,47.05243140450964
821,2018-05-02 12:45:00,PVSystem.80,46.23743547948927
822,2018-05-02 13:00:00,PVSystem.80,45.422439554468895
823,2018-05-02 13:15:00,PVSystem.80,44.60744362944852
824,2018-05-02 13:30:00,PVSystem.80,43.8094267861994
825,2018-05-02 13:45:00,PVSystem.80,43.01140994295028
826,2018-05-02 14:00:00,PVSystem.80,42.21339309970117
827,2018-05-02 14:15:00,PVSystem.80,41.41537625645205
828,2018-05-02 14:30:00,PVSystem.80,37.93126867698995
829,2018-05-02 14:45:00,PVSystem.80,34.44716109752785
830,2018-05-02 15:00:00,PVSystem.80,30.963053518065745
831,2018-05-02 15:15:00,PVSystem.80,27.478945938603637
832,2018-05-02 15:30:00,PVSystem.80,22.527845694104865
833,2018-05-02 15:45:00,PVSystem.80,17.576745449606086
834,2018-05-02 16:00:00,PVSystem.80,12.625645205107308
835,2018-05-02 16:15:00,PVSystem.80,7.67454496060853
836,2018-05-02 16:30:00,PVSystem.80,5.7559087204563975
837,2018-05-02 16:45:00,PVSystem.80,3.837272480304265
838,2018-05-02 17:00:00,PVSystem.80,1.9186362401521324
839,2018-05-02 17:15:00,PVSystem.80,0.0
840,2018-05-01 11:30:09,PVSystem.87,49.642070484581495
841,2018-05-01 11:45:00,PVSystem.87,49.76138032305433
842,2018-05-01 12:00:00,PVSystem.87,49.88069016152716
843,2018-05-01 12:15:00,PVSystem.87,50.0
844,2018-05-01 12:30:00,PVSystem.87,49.97246696035242
845,2018-05-01 12:45:00,PVSystem.87,49.94493392070485
846,2018-05-01 13:00:00,PVSystem.87,49.91740088105727
847,2018-05-01 13:15:00,PVSystem.87,49.88986784140968
848,2018-05-01 13:30:00,PVSystem.87,48.51933431228586
849,2018-05-01 13:45:00,PVSystem.87,47.14880078316202
850,2018-05-01 14:00:00,PVSystem.87,45.77826725403818
851,2018-05-01 14:15:00,PVSystem.87,44.40773372491434
852,2018-05-01 14:30:00,PVSystem.87,40.87126774351443
853,2018-05-01 14:45:00,PVSystem.87,37.33480176211454
854,2018-05-01 15:00:00,PVSystem.87,33.79833578071463
855,2018-05-01 15:15:00,PVSystem.87,30.261869799314734
856,2018-05-01 15:30:00,PVSystem.87,24.482990699951053
857,2018-05-01 15:45:00,PVSystem.87,18.70411160058737
858,2018-05-01 16:00:00,PVSystem.87,12.925232501223691
859,2018-05-01 16:15:00,PVSystem.87,7.146353401860011
860,2018-05-01 16:30:00,PVSystem.87,5.359765051395008
861,2018-05-01 16:45:00,PVSystem.87,3.5731767009300053
862,2018-05-01 17:00:00,PVSystem.87,1.7865883504650033
863,2018-05-01 17:15:00,PVSystem.87,0.0
864,2018-05-01 17:30:00,PVSystem.87,0.0
865,2018-05-01 17:45:00,PVSystem.87,0.0
866,2018-05-01 18:00:00,PVSystem.87,0.0
867,2018-05-01 18:15:00,PVSystem.87,0.0
868,2018-05-01 18:30:00,PVSystem.87,0.0
869,2018-05-01 18:45:00,PVSystem.87,0.0
870,2018-05-01 19:00:00,PVSystem.87,0.0
871,2018-05-01 19:15:00,PVSystem.87,0.0
872,2018-05-01 19:30:00,PVSystem.87,0.0
873,2018-05-01 19:45:00,PVSystem.87,0.0
874,2018-05-01 20:00:00,PVSystem.87,0.0
875,2018-05-01 20:15:00,PVSystem.87,0.0
876,2018-05-01 20:30:00,PVSystem.87,0.0
877,2018-05-01 20:45:00,PVSystem.87,0.0
878,2018-05-01 21:00:00,PVSystem.87,0.0
879,2018-05-01 21:15:00,PVSystem.87,0.0
880,2018-05-01 21:30:00,PVSystem.87,0.0
881,2018-05-01 21:45:00,PVSystem.87,0.0
882,2018-05-01 22:00:00,PVSystem.87,0.0
883,2018-05-01 22:15:00,PVSystem.87,0.0
884,2018-05-01 22:30:00,PVSystem.87,0.0
885,2018-05-01 22:45:00,PVSystem.87,0.0
886,2018-05-01 23:00:00,PVSystem.87,0.0
887,2018-05-01 23:15:00,PVSystem.87,0.0
888,2018-05-01 23:30:00,PVSystem.87,0.0
889,2018-05-01 23:45:00,PVSystem.87,0.0
890,2018-05-02 00:00:00,PVSystem.87,0.0
891,2018-05-02 00:15:00,PVSystem.87,0.0
892,2018-05-02 00:30:00,PVSystem.87,0.0
893,2018-05-02 00:45:00,PVSystem.87,0.0
894,2018-05-02 01:00:00,PVSystem.87,0.0
895,2018-05-02 01:15:00,PVSystem.87,0.0
896,2018-05-02 01:30:00,PVSystem.87,0.0
897,2018-05-02 01:45:00,PVSystem.87,0.0
898,2018-05-02 02:00:00,PVSystem.87,0.0
899,2018-05-02 02:15:00,PVSystem.87,0.0
900,2018-05-02 02:30:00,PVSystem.87,0.0
901,2018-05-02 02:45:00,PVSystem.87,0.0
902,2018-05-02 03:00:00,PVSystem.87,0.0
903,2018-05-02 03:15:00,PVSystem.87,0.0
904,2018-05-02 03:30:00,PVSystem.87,0.0
905,2018-05-02 03:45:00,PVSystem.87,0.0
906,2018-05-02 04:00:00,PVSystem.87,0.0
907,2018-05-02 04:15:00,PVSystem.87,0.0
908,2018-05-02 04:30:00,PVSystem.87,0.0
909,2018-05-02 04:45:00,PVSystem.87,0.0
910,2018-05-02 05:00:00,PVSystem.87,0.0
911,2018-05-02 05:15:00,PVSystem.87,0.0
912,2018-05-02 05:30:00,PVSystem.87,0.0
913,2018-05-02 05:45:00,PVSystem.87,0.0
914,2018-05-02 06:00:00,PVSystem.87,0.0
915,2018-05-02 06:15:00,PVSystem.87,0.0
916,2018-05-02 06:30:00,PVSystem.87,1.8948655256723717
917,2018-05-02 06:45:00,PVSystem.87,3.7897310513447433
918,2018-05-02 07:00:00,PVSystem.87,5.684596577017116
919,2018-05-02 07:15:00,PVSystem.87,7.579462102689487
920,2018-05-02 07:30:00,PVSystem.87,12.829394186362403
921,2018-05-02 07:45:00,PVSystem.87,18.079326270035313
922,2018-05-02 08:00:00,PVSystem.87,23.329258353708234
923,2018-05-02 08:15:00,PVSystem.87,28.579190437381147
924,2018-05-02 08:30:00,PVSystem.87,31.306030969845143
925,2018-05-02 08:45:00,PVSystem.87,34.032871502309156
926,2018-05-02 09:00:00,PVSystem.87,36.759712034773166
927,2018-05-02 09:15:00,PVSystem.87,39.48655256723717
928,2018-05-02 09:30:00,PVSystem.87,40.902607986960064
929,2018-05-02 09:45:00,PVSystem.87,42.318663406682965
930,2018-05-02 10:00:00,PVSystem.87,43.734718826405874
931,2018-05-02 10:15:00,PVSystem.87,45.15077424612877
932,2018-05-02 10:30:00,PVSystem.87,46.363080684596575
933,2018-05-02 10:45:00,PVSystem.87,47.57538712306438
934,2018-05-02 11:00:00,PVSystem.87,48.787693561532194
935,2018-05-02 11:15:00,PVSystem.87,50.0
936,2018-05-02 11:30:00,PVSystem.87,49.466856832382504
937,2018-05-02 11:45:00,PVSystem.87,48.93371366476501
938,2018-05-02 12:00:00,PVSystem.87,48.40057049714751
939,2018-05-02 12:15:00,PVSystem.87,47.867427329530024
940,2018-05-02 12:30:00,PVSystem.87,47.05243140450964
941,2018-05-02 12:45:00,PVSystem.87,46.23743547948927
942,2018-05-02 13:00:00,PVSystem.87,45.422439554468895
943,2018-05-02 13:15:00,PVSystem.87,44.60744362944852
944,2018-05-02 13:30:00,PVSystem.87,43.8094267861994
945,2018-05-02 13:45:00,PVSystem.87,43.01140994295028
946,2018-05-02 14:00:00,PVSystem.87,42.21339309970117
947,2018-05-02 14:15:00,PVSystem.87,41.41537625645205
948,2018-05-02 14:30:00,PVSystem.87,37.93126867698995
949,2018-05-02 14:45:00,PVSystem.87,34.44716109752785
950,2018-05-02 15:00:00,PVSystem.87,30.963053518065745
951,2018-05-02 15:15:00,PVSystem.87,27.478945938603637
952,2018-05-02 15:30:00,PVSystem.87,22.527845694104865
953,2018-05-02 15:45:00,PVSystem.87,17.576745449606086
954,2018-05-02 16:00:00,PVSystem.87,12.625645205107308
955,2018-05-02 16:15:00,PVSystem.87,7.67454496060853
956,2018-05-02 16:30:00,PVSystem.87,5.7559087204563975
957,2018-05-02 16:45:00,PVSystem.87,3.837272480304265
958,2018-05-02 17:00:00,PVSystem.87,1.9186362401521324
959,2018-05-02 17:15:00,PVSystem.87,0.0
960,2018-05-01 11:30:09,PVSystem.113,47.88671294000992
961,2018-05-01 11:45:00,PVSystem.113,47.52107089737233
962,2018-05-01 12:00:00,PVSystem.113,47.15542885473475
963,2018-05-01 12:15:00,PVSystem.113,46.78978681209717
964,2018-05-01 12:30:00,PVSystem.113,45.70215666831929
965,2018-05-01 12:45:00,PVSystem.113,44.6145265245414
966,2018-05-01 13:00:00,PVSystem.113,43.52689638076351
967,2018-05-01 13:15:00,PVSystem.113,42.439266236985624
968,2018-05-01 13:30:00,PVSystem.113,40.33837382250868
969,2018-05-01 13:45:00,PVSystem.113,38.237481408031734
970,2018-05-01 14:00:00,PVSystem.113,36.13658899355479
971,2018-05-01 14:15:00,PVSystem.113,34.03569657907784
972,2018-05-01 14:30:00,PVSystem.113,30.404065443728314
973,2018-05-01 14:45:00,PVSystem.113,26.772434308378777
974,2018-05-01 15:00:00,PVSystem.113,23.14080317302925
975,2018-05-01 15:15:00,PVSystem.113,19.50917203767972
976,2018-05-01 15:30:00,PVSystem.113,14.631879028259792
977,2018-05-01 15:45:00,PVSystem.113,9.75458601883986
978,2018-05-01 16:00:00,PVSystem.113,4.8772930094199305
979,2018-05-01 16:15:00,PVSystem.113,0.0
980,2018-05-01 16:30:00,PVSystem.113,0.0
981,2018-05-01 16:45:00,PVSystem.113,0.0
982,2018-05-01 17:00:00,PVSystem.113,0.0
983,2018-05-01 17:15:00,PVSystem.113,0.0
984,2018-05-01 17:30:00,PVSystem.113,0.0
985,2018-05-01 17:45:00,PVSystem.113,0.0
986,2018-05-01 18:00:00,PVSystem.113,0.0
987,2018-05-01 18:15:00,PVSystem.113,0.0
988,2018-05-01 18:30:00,PVSystem.113,0.0
989,2018-05-01 18:45:00,PVSystem.113,0.0
990,2018-05-01 19:00:00,PVSystem.113,0.0
991,2018-05-01 19:15:00,PVSystem.113,0.0
992,2018-05-01 19:30:00,PVSystem.113,0.0
993,2018-05-01 19:45:00,PVSystem.113,0.0
994,2018-05-01 20:00:00,PVSystem.113,0.0
995,2018-05-01 20:15:00,PVSystem.113,0.0
996,2018-05-01 20:30:00,PVSystem.113,0.0
997,2018-05-01 20:45:00,PVSystem.113,0.0
998,2018-05-01 21:00:00,PVSystem.113,0.0
999,2018-05-01 21:15:00,PVSystem.113,0.0
1000,2018-05-01 21:30:00,PVSystem.113,0.0
1001,2018-05-01 21:45:00,PVSystem.113,0.0
1002,2018-05-01 22:00:00,PVSystem.113,0.0
1003,2018-05-01 22:15:00,PVSystem.113,0.0
1004,2018-05-01 22:30:00,PVSystem.113,0.0
1005,2018-05-01 22:45:00,PVSystem.113,0.0
1006,2018-05-01 23:00:00,PVSystem.113,0.0
1007,2018-05-01 23:15:00,PVSystem.113,0.0
1008,2018-05-01 23:30:00,PVSystem.113,0.0
1009,2018-05-01 23:45:00,PVSystem.113,0.0
1010,2018-05-02 00:00:00,PVSystem.113,0.0
1011,2018-05-02 00:15:00,PVSystem.113,0.0
1012,2018-05-02 00:30:00,PVSystem.113,0.0
1013,2018-05-02 00:45:00,PVSystem.113,0.0
1014,2018-05-02 01:00:00,PVSystem.113,0.0
1015,2018-05-02 01:15:00,PVSystem.113,0.0
1016,2018-05-02 01:30:00,PVSystem.113,0.0
1017,2018-05-02 01:45:00,PVSystem.113,0.0
1018,2018-05-02 02:00:00,PVSystem.113,0.0
1019,2018-05-02 02:15:00,PVSystem.113,0.0
1020,2018-05-02 02:30:00,PVSystem.113,0.0
1021,2018-05-02 02:45:00,PVSystem.113,0.0
1022,2018-05-02 03:00:00,PVSystem.113,0.0
1023,2018-05-02 03:15:00,PVSystem.113,0.0
1024,2018-05-02 03:30:00,PVSystem.113,0.0
1025,2018-05-02 03:45:00,PVSystem.113,0.0
1026,2018-05-02 04:00:00,PVSystem.113,0.0
1027,2018-05-02 04:15:00,PVSystem.113,0.0
1028,2018-05-02 04:30:00,PVSystem.113,0.0
1029,2018-05-02 04:45:00,PVSystem.113,0.0
1030,2018-05-02 05:00:00,PVSystem.113,0.0
1031,2018-05-02 05:15:00,PVSystem.113,0.0
1032,2018-05-02 05:30:00,PVSystem.113,0.0
1033,2018-05-02 05:45:00,PVSystem.113,0.0
1034,2018-05-02 06:00:00,PVSystem.113,0.0
1035,2018-05-02 06:15:00,PVSystem.113,0.0
1036,2018-05-02 06:30:00,PVSystem.113,1.4966871746332229
1037,2018-05-02 06:45:00,PVSystem.113,2.9933743492664457
1038,2018-05-02 07:00:00,PVSystem.113,4.490061523899669
1039,2018-05-02 07:15:00,PVSystem.113,5.9867486985328915
1040,2018-05-02 07:30:00,PVSystem.113,11.068386180785613
1041,2018-05-02 07:45:00,PVSystem.113,16.150023663038336
1042,2018-05-02 08:00:00,PVSystem.113,21.231661145291056
1043,2018-05-02 08:15:00,PVSystem.113,26.313298627543773
1044,2018-05-02 08:30:00,PVSystem.113,30.202910553715096
1045,2018-05-02 08:45:00,PVSystem.113,34.09252247988642
1046,2018-05-02 09:00:00,PVSystem.113,37.98213440605774
1047,2018-05-02 09:15:00,PVSystem.113,41.87174633222906
1048,2018-05-02 09:30:00,PVSystem.113,43.58435873166114
1049,2018-05-02 09:45:00,PVSystem.113,45.29697113109324
1050,2018-05-02 10:00:00,PVSystem.113,47.00958353052531
1051,2018-05-02 10:15:00,PVSystem.113,48.72219592995741
1052,2018-05-02 10:30:00,PVSystem.113,49.04164694746805
1053,2018-05-02 10:45:00,PVSystem.113,49.361097964978704
1054,2018-05-02 11:00:00,PVSystem.113,49.68054898248935
1055,2018-05-02 11:15:00,PVSystem.113,50.0
1056,2018-05-02 11:30:00,PVSystem.113,49.55631803123521
1057,2018-05-02 11:45:00,PVSystem.113,49.11263606247042
1058,2018-05-02 12:00:00,PVSystem.113,48.66895409370563
1059,2018-05-02 12:15:00,PVSystem.113,48.22527212494085
1060,2018-05-02 12:30:00,PVSystem.113,48.08625177472787
1061,2018-05-02 12:45:00,PVSystem.113,47.94723142451491
1062,2018-05-02 13:00:00,PVSystem.113,47.808211074301944
1063,2018-05-02 13:15:00,PVSystem.113,47.66919072408897
1064,2018-05-02 13:30:00,PVSystem.113,45.95362044486513
1065,2018-05-02 13:45:00,PVSystem.113,44.23805016564126
1066,2018-05-02 14:00:00,PVSystem.113,42.52247988641741
1067,2018-05-02 14:15:00,PVSystem.113,40.80690960719357
1068,2018-05-02 14:30:00,PVSystem.113,37.17167534311406
1069,2018-05-02 14:45:00,PVSystem.113,33.536441079034546
1070,2018-05-02 15:00:00,PVSystem.113,29.90120681495504
1071,2018-05-02 15:15:00,PVSystem.113,26.26597255087553
1072,2018-05-02 15:30:00,PVSystem.113,19.720184571699008
1073,2018-05-02 15:45:00,PVSystem.113,13.17439659252248
1074,2018-05-02 16:00:00,PVSystem.113,6.628608613345954
1075,2018-05-02 16:15:00,PVSystem.113,0.0828206341694273
1076,2018-05-02 16:30:00,PVSystem.113,0.0621154756270705
1077,2018-05-02 16:45:00,PVSystem.113,0.0414103170847136
1078,2018-05-02 17:00:00,PVSystem.113,0.0207051585423568
1079,2018-05-02 17:15:00,PVSystem.113,0.0
