P1UDT942-P1UHS0_1247X.1,P1UDT942-P1UHS0_1247X.2,P1UDT942-P1UHS0_1247X.3,P1UDT882LV.1,P1UDT882LV.2,P1ULV4109.1,P1ULV4109.2,P1UDM3853.1,P1UDM3853.2,P1ULV4110.1,P1ULV4110.2,P1UDT883LV.1,P1UDT883LV.2,P1UDM3854.1,P1UDM3854.2,P1ULV4111.1,P1ULV4111.2,P1UDT884LV.1,P1UDT884LV.2,P1ULV4112.1,P1ULV4112.2,P1UDM3856.1,P1UDM3856.2,P1ULV4113.1,P1ULV4113.2,P1UDT893LV.1,P1UDT893LV.2,P1ULV4136.1,P1ULV4136.2,P1UDM3883.1,P1UDM3883.2,P1ULV4137.1,P1ULV4137.2,P1UDT894LV.1,P1UDT894LV.2,P1UDM3884.1,P1UDM3884.2,P1ULV4138.1,P1ULV4138.2,P1UDT895LV.1,P1UDT895LV.2,P1ULV7543.1,P1ULV7543.2,P1UDM3885.1,P1UDM3885.2,P1ULV4139.1,P1ULV4139.2,P1UDM3887.1,P1UDM3887.2,P1ULV4140.1,P1ULV4140.2,P1UDM3889.1,P1UDM3889.2,P1ULV7633.1,P1ULV7633.2,P1UDT896LV.1,P1UDT896LV.2,P1UDM3888.1,P1UDM3888.2,P1ULV4197.1,P1ULV4197.2,P1UDT909LV.1,P1UDT909LV.2,P1ULV4155.1,P1ULV4155.2,P1UDT942LV.1,P1UDT942LV.2,P1ULV4193.1,P1ULV4193.2,P1UDT943LV.1,P1UDT943LV.2,P1ULV4196.1,P1ULV4196.2,P1UDT1431LV.1,P1UDT1431LV.2,P1ULV7544.1,P1ULV7544.2,P1UDT1432LV.1,P1UDT1432LV.2,P1ULV7546.1,P1ULV7546.2,P1UDT1433LV.1,P1UDT1433LV.2,P1ULV7547.1,P1ULV7547.2,P1UDT908-P1UDT909X.2,P1UDT909.2,P1UDT1433-P1UDT882X.3,P1UDT882.3,P1UDT1432-P1UDT881X.2,P1UDT1432.2,P1UDT896-P1UDT938X.3,P1UDT896.3,P1UDT942.1,P1UDT942.2,P1UDT942.3,P1UDT907LV.1,P1UDT907LV.2,P1UDT907LV.3,P1ULV4153.1,P1ULV4153.2,P1ULV4153.3,P1UDT908LV.1,P1UDT908LV.2,P1UDT908LV.3,P1ULV4154.1,P1ULV4154.2,P1ULV4154.3,P1UDT907.1,P1UDT907.2,P1UDT907.3,P1UDT908.1,P1UDT908.2,P1UDT908.3,P1UDT893.1,P1UDT893.2,P1UDT893.3,P1UDT894.1,P1UDT894.2,P1UDT894.3,P1UDT1425LV.1,P1UDT1425LV.2,P1UDT1425LV.3,P1ULV7531.1,P1ULV7531.2,P1ULV7531.3,P1UDT881LV.1,P1UDT881LV.2,P1UDT881LV.3,P1ULV4108.1,P1ULV4108.2,P1ULV4108.3,P1UDT1425-P1UDT881X.1,P1UDT1425-P1UDT881X.2,P1UDT1425-P1UDT881X.3,P1UDT881.1,P1UDT881.2,P1UDT881.3,P1UDT1433.1,P1UDT1433.2,P1UDT1433.3,P1UDT1425.1,P1UDT1425.2,P1UDT1425.3,P1UDT883.1,P1UDT883.2,P1UDT883.3,P1UDT884.1,P1UDT884.2,P1UDT884.3,P1UDT1431.1,P1UDT1431.2,P1UDT1431.3,P1UDT1431-P1UDT895X.1,P1UDT1431-P1UDT895X.2,P1UDT1431-P1UDT895X.3,P1UDT894-P1UDT895X.1,P1UDT894-P1UDT895X.2,P1UDT894-P1UDT895X.3,P1UDT895.1,P1UDT895.2,P1UDT895.3,P1UDT894-P1UDT942X.1,P1UDT894-P1UDT942X.2,P1UDT894-P1UDT942X.3,P1UDT939LV.1,P1UDT939LV.2,P1UDT939LV.3,P1ULV4189.1,P1ULV4189.2,P1ULV4189.3,P1UDT938LV.1,P1UDT938LV.2,P1UDT938LV.3,P1ULV4188.1,P1ULV4188.2,P1ULV4188.3,P1UDT892LV.1,P1UDT892LV.2,P1UDT892LV.3,P1ULV4132.1,P1ULV4132.2,P1ULV4132.3,P1UDT938.1,P1UDT938.2,P1UDT938.3,P1UDT892.1,P1UDT892.2,P1UDT892.3,P1UDT943.1,P1UDT943.2,P1UDT943.3,P1UDT939.1,P1UDT939.2,P1UDT939.3,time
-112.49583062076624,-104.6233487862111,-123.44693774677934,0.0,0.0,7.6261991835541325,7.626199099503198,0.0,0.0,2.4732006689048416,2.473200580989061,0.0,0.0,0.0,0.0,3.0567787810936413,3.05677847093701,0.0,0.0,1.043894344418005,1.043894341664928,0.0,0.0,1.085800266085929,1.0858002371277484,0.0,0.0,2.4753652153564456,2.4753651769806684,0.0,0.0,3.7658215525402405,3.76582133901983,0.0,0.0,0.0,0.0,2.36864737715857,2.3686473013704004,0.0,0.0,3.2925100255380446,3.2925099819214916,0.0,0.0,1.9534210151243634,1.9534209437840822,0.0,0.0,1.7392909362338596,1.7392908290778375,0.0,0.0,1.395114294416068,1.3951141612787028,0.0,0.0,0.0,0.0,0.37490432559742154,0.37490441215588044,0.0,0.0,2.0226080326081783,2.0226080168657172,0.0,0.0,4.064628656207752,4.064628537528144,0.0,0.0,2.3274804369148017,2.327480283667283,0.0,0.0,3.06693434143727,3.066934256319891,0.0,0.0,2.418428260826466,2.4184282219076185,0.0,0.0,2.651384322780114,2.6513843496994802,0.0,0.0,0.0,0.0,0.0,0.0,0.0,0.0,0.0,0.0,0.0,0.0,0.0,0.0,4.1119895920229945,4.111989639859925,4.111989680791441,0.0,0.0,0.0,6.901625423454299,6.901625350529792,6.901625589089042,0.0,0.0,0.0,0.0,0.0,0.0,0.0,0.0,0.0,0.0,0.0,0.0,0.0,0.0,0.0,38.30508054715318,38.30508011015118,38.305082460274015,0.0,0.0,0.0,16.900689303172253,16.90068945147351,16.900690090053068,0.0,0.0,0.0,0.0,0.0,0.0,0.0,0.0,0.0,0.0,0.0,0.0,0.0,0.0,0.0,0.0,0.0,0.0,0.0,0.0,0.0,0.0,0.0,0.0,0.0,0.0,0.0,0.0,0.0,0.0,0.0,0.0,0.0,0.0,0.0,0.0,5.279192907016659,5.279193061450299,5.279193042051597,0.0,0.0,0.0,2.003770922314413,2.0037709778972457,2.003770965034061,0.0,0.0,0.0,4.562711372859677,4.562711533337398,4.5627114767303265,0.0,0.0,0.0,0.0,0.0,0.0,0.0,0.0,0.0,0.0,0.0,0.0,2018-05-01 08:00:00
-139.0941344527279,-138.39215460292996,-146.70958164574176,0.0,0.0,8.709501710554965,8.709501590151929,0.0,0.0,0.17163079700086348,0.16938575831490654,0.0,0.0,0.0,0.0,3.510581273821919,3.510579908742705,0.0,0.0,1.2593961919709873,1.2593961896777817,0.0,0.0,1.1305119466844666,1.130511901852867,0.0,0.0,2.5047241564930385,2.504724114792805,0.0,0.0,4.093591417982583,4.0935911483721465,0.0,0.0,0.0,0.0,2.535745158941272,2.5357450664676615,0.0,0.0,4.580431589442946,4.580431464546982,0.0,0.0,2.29292123076718,2.29292108021607,0.0,0.0,2.052648379472717,2.052648137513952,0.0,0.0,-0.7337629394189824,-0.7343427531145688,0.0,0.0,0.0,0.0,0.4224159996144907,0.42241601313142535,0.0,0.0,2.7427535265363323,2.742753469933473,0.0,0.0,2.533915107123069,2.5334020953366823,0.0,0.0,2.9227422857443592,2.922634100343449,0.0,0.0,4.469775181650401,4.469774906940567,0.0,0.0,2.9449480519136677,2.944947962849491,0.0,0.0,2.7831506128437233,2.7831506399531127,0.0,0.0,0.0,0.0,0.0,0.0,0.0,0.0,0.0,0.0,0.0,0.0,0.0,0.0,10.146088813395068,10.146088810121576,10.146088732928684,0.0,0.0,0.0,8.548292231401723,8.548292211403208,8.54829221755555,0.0,0.0,0.0,0.0,0.0,0.0,0.0,0.0,0.0,0.0,0.0,0.0,0.0,0.0,0.0,49.65144666472775,49.65144799665112,49.65144724015928,0.0,0.0,0.0,20.906949737278385,20.906950424932713,20.906949884595868,0.0,0.0,0.0,0.0,0.0,0.0,0.0,0.0,0.0,0.0,0.0,0.0,0.0,0.0,0.0,0.0,0.0,0.0,0.0,0.0,0.0,0.0,0.0,0.0,0.0,0.0,0.0,0.0,0.0,0.0,0.0,0.0,0.0,0.0,0.0,0.0,9.541252344978664,9.541252556909306,9.541252421074718,0.0,0.0,0.0,1.5852917141927378,1.585291739710583,1.585291716685668,0.0,0.0,0.0,4.024163358443285,4.02416344172604,4.024163365592297,0.0,0.0,0.0,0.0,0.0,0.0,0.0,0.0,0.0,0.0,0.0,0.0,2018-05-01 08:00:00
-115.54251287729528,-128.5480966345893,-149.09516377135438,0.0,0.0,8.489575064420022,8.48957494692145,0.0,0.0,-7.940163378533304,-7.949972865757545,0.0,0.0,0.0,0.0,3.4026338477240374,3.402633589115698,0.0,0.0,1.2412968222385787,1.2412968195778524,0.0,0.0,1.1714442885266094,1.1714442398757396,0.0,0.0,2.577255570962932,2.577255529796914,0.0,0.0,3.9568973370170673,3.9568970711034304,0.0,0.0,0.0,0.0,2.6171994318965175,2.617199321277526,0.0,0.0,4.355827981052394,4.355827864872219,0.0,0.0,2.3230765293748816,2.3230763700120445,0.0,0.0,2.0800220956185056,2.0800219753764586,0.0,0.0,1.6650588300575433,1.6650556760466817,0.0,0.0,0.0,0.0,0.2670206813930273,0.26702078095805754,0.0,0.0,2.5532300670562007,2.5532300204537233,0.0,0.0,5.002604904855945,5.002604438012818,0.0,0.0,1.5024397082356293,1.5024376640110573,0.0,0.0,4.295926030493567,4.295925769069916,0.0,0.0,3.0895200813197974,3.08951998500012,0.0,0.0,2.5843304987256768,2.5843305194132267,0.0,0.0,0.0,0.0,0.0,0.0,0.0,0.0,0.0,0.0,0.0,0.0,0.0,0.0,6.9880350199869605,6.988035402045332,6.9880352573620765,0.0,0.0,0.0,8.638540251825976,8.638540477308506,8.638540458068729,0.0,0.0,0.0,0.0,0.0,0.0,0.0,0.0,0.0,0.0,0.0,0.0,0.0,0.0,0.0,47.728262383713734,47.72826791333422,47.728264628840904,0.0,0.0,0.0,20.84556674712664,20.84556906300131,20.84556817056267,0.0,0.0,0.0,0.0,0.0,0.0,0.0,0.0,0.0,0.0,0.0,0.0,0.0,0.0,0.0,0.0,0.0,0.0,0.0,0.0,0.0,0.0,0.0,0.0,0.0,0.0,0.0,0.0,0.0,0.0,0.0,0.0,0.0,0.0,0.0,0.0,7.744698041185148,7.7446984086375465,7.744698360451676,0.0,0.0,0.0,2.1586631066547404,2.1586632028185724,2.1586631887054875,0.0,0.0,0.0,3.79917405428806,3.7991742684416754,3.799174193359487,0.0,0.0,0.0,0.0,0.0,0.0,0.0,0.0,0.0,0.0,0.0,0.0,2018-05-01 09:00:00
-94.65138416809319,-120.80559341816885,-144.09426315698192,0.0,0.0,9.164035730058355,9.164035548854232,0.0,0.0,-15.512379384001388,-15.52986143097486,0.0,0.0,0.0,0.0,3.4531589234473357,3.4531696242150502,0.0,0.0,1.2376202607516498,1.2376202585908123,0.0,0.0,1.1812280119750092,1.1812279622475022,0.0,0.0,2.7369703213602734,2.7369702669627087,0.0,0.0,3.9436861116569593,3.9436858488585163,0.0,0.0,0.0,0.0,2.617315926240712,2.6173158246146477,0.0,0.0,4.353112351288201,4.353112231478114,0.0,0.0,2.3445846787429114,2.3445845156269103,0.0,0.0,2.03667974003375,2.0366796157230755,0.0,0.0,1.6769908238450966,1.6769906825632381,0.0,0.0,0.0,0.0,0.2586955749232777,0.25869567486535155,0.0,0.0,2.597341462288915,2.5973414103900914,0.0,0.0,5.063390895715614,5.063390559837043,0.0,0.0,0.6672832010930887,0.6665742471044269,0.0,0.0,4.294160263619285,4.294160002966498,0.0,0.0,3.1896703952923073,3.1896702957032685,0.0,0.0,2.4335844459243394,2.4335844614760114,0.0,0.0,0.0,0.0,0.0,0.0,0.0,0.0,0.0,0.0,0.0,0.0,0.0,0.0,5.248510506116438,5.248511542864738,5.248511815933036,0.0,0.0,0.0,8.51651346159695,8.516513650897478,8.516514271291229,0.0,0.0,0.0,0.0,0.0,0.0,0.0,0.0,0.0,0.0,0.0,0.0,0.0,0.0,0.0,47.359260049055585,47.35926876281362,47.35927234959178,0.0,0.0,0.0,20.768945482004746,20.768950226526282,20.768953928206912,0.0,0.0,0.0,0.0,0.0,0.0,0.0,0.0,0.0,0.0,0.0,0.0,0.0,0.0,0.0,0.0,0.0,0.0,0.0,0.0,0.0,0.0,0.0,0.0,0.0,0.0,0.0,0.0,0.0,0.0,0.0,0.0,0.0,0.0,0.0,0.0,3.720035447495768,3.7200357877450396,3.7200358399940217,0.0,0.0,0.0,2.2257096882731897,2.2257098585328423,2.2257099143867336,0.0,0.0,0.0,3.754377412885516,3.754377822952876,3.7543778426491894,0.0,0.0,0.0,0.0,0.0,0.0,0.0,0.0,0.0,0.0,0.0,0.0,2018-05-01 10:00:00
-81.24982434451135,-122.83572789288749,-144.62202283756412,0.0,0.0,9.312375468099567,9.312375289692358,0.0,0.0,-22.60680953086198,-22.631329699143397,0.0,0.0,0.0,0.0,3.4752283856353547,3.475263421210685,0.0,0.0,1.2410659903869607,1.241065990516487,0.0,0.0,1.1569639517374515,1.1569639036141335,0.0,0.0,2.757393166720603,2.7573931109545984,0.0,0.0,4.004458847247547,4.004458593297541,0.0,0.0,0.0,0.0,2.589605915986687,2.589605798675067,0.0,0.0,4.353680109154943,4.35367999024953,0.0,0.0,2.335967565071196,2.3359674007437827,0.0,0.0,2.036924129967783,2.0369239913012476,0.0,0.0,1.6762897554063152,1.6762895935095001,0.0,0.0,0.0,0.0,0.33402206003017954,0.33402217741532875,0.0,0.0,2.574091405097829,2.574091357026758,0.0,0.0,5.044804729533567,5.044804124207039,0.0,0.0,1.669624184016716,1.6696084713888735,0.0,0.0,4.2968689045300135,4.2968686443031885,0.0,0.0,3.2128236538252075,3.2128235523472433,0.0,0.0,2.403012310479544,2.4030123231602074,0.0,0.0,0.0,0.0,0.0,0.0,0.0,0.0,0.0,0.0,0.0,0.0,0.0,0.0,5.4342286161770765,5.434231023889123,5.434232198242024,0.0,0.0,0.0,8.443281489560114,8.443281506336763,8.44328359605391,0.0,0.0,0.0,0.0,0.0,0.0,0.0,0.0,0.0,0.0,0.0,0.0,0.0,0.0,0.0,47.24810453330176,47.24811697571956,47.248138890521155,0.0,0.0,0.0,20.900369876372544,20.90037919303353,20.90039320217883,0.0,0.0,0.0,0.0,0.0,0.0,0.0,0.0,0.0,0.0,0.0,0.0,0.0,0.0,0.0,0.0,0.0,0.0,0.0,0.0,0.0,0.0,0.0,0.0,0.0,0.0,0.0,0.0,0.0,0.0,0.0,0.0,0.0,0.0,0.0,0.0,3.6944218130895696,3.6944224309941514,3.694422697395146,0.0,0.0,0.0,2.1772487286435624,2.177249020803263,2.177249215137487,0.0,0.0,0.0,3.7504961699990225,3.750496927240286,3.7504971559235383,0.0,0.0,0.0,0.0,0.0,0.0,0.0,0.0,0.0,0.0,0.0,0.0,2018-05-01 11:00:00
-78.49996669556484,-118.8985149567994,-144.623664067104,0.0,0.0,9.312376293092427,9.3123761155752,0.0,0.0,-24.051034245337405,-24.076992507303938,0.0,0.0,0.0,0.0,3.4763214429028766,3.4763634947125106,0.0,0.0,1.236144070284248,1.2361440705375368,0.0,0.0,1.155190643221968,1.155190595250187,0.0,0.0,2.739304229054173,2.7393041756293948,0.0,0.0,4.013457562861571,4.013457307375099,0.0,0.0,0.0,0.0,2.5897118478544217,2.589711725352993,0.0,0.0,4.353855033874053,4.35385491384328,0.0,0.0,2.335384885302835,2.335384720743412,0.0,0.0,2.0329559707682088,2.0329558285992713,0.0,0.0,1.6749255709419324,1.6749250922439478,0.0,0.0,0.0,0.0,0.3479590675168751,0.3479591891103574,0.0,0.0,2.5668589410446017,2.566858893568068,0.0,0.0,5.031354977845951,5.03135446260051,0.0,0.0,-0.29250640874895195,-0.293349310216549,0.0,0.0,4.296506858894893,4.296506598889244,0.0,0.0,3.2258502766903496,3.225850173136739,0.0,0.0,2.4024330624234067,2.4024330745670186,0.0,0.0,0.0,0.0,0.0,0.0,0.0,0.0,0.0,0.0,0.0,0.0,0.0,0.0,5.336732786410832,5.336735635834009,5.3367370375838235,0.0,0.0,0.0,8.314385773424053,8.314385743009494,8.314388265507088,0.0,0.0,0.0,0.0,0.0,0.0,0.0,0.0,0.0,0.0,0.0,0.0,0.0,0.0,0.0,47.290576203022255,47.29058983753776,47.290617384324186,0.0,0.0,0.0,21.09305972519166,21.09307054371663,21.0930876323537,0.0,0.0,0.0,0.0,0.0,0.0,0.0,0.0,0.0,0.0,0.0,0.0,0.0,0.0,0.0,0.0,0.0,0.0,0.0,0.0,0.0,0.0,0.0,0.0,0.0,0.0,0.0,0.0,0.0,0.0,0.0,0.0,0.0,0.0,0.0,0.0,3.6985515818040597,3.698552286960777,3.6985526401375357,0.0,0.0,0.0,2.153769114712712,2.153769441006527,2.1537696862266094,0.0,0.0,0.0,3.754568445098562,3.754569306165074,3.7545696243499904,0.0,0.0,0.0,0.0,0.0,0.0,0.0,0.0,0.0,0.0,0.0,0.0,2018-05-01 12:00:00
-81.86243314524474,-124.92442099167322,-145.59035712123475,0.0,0.0,9.25398311146876,9.253982934341302,0.0,0.0,-23.061853084513796,-23.086833535124626,0.0,0.0,0.0,0.0,3.475897496740465,3.475934655731365,0.0,0.0,1.233888531300604,1.233888531554992,0.0,0.0,1.1370471773183148,1.1370471308538028,0.0,0.0,2.6975882618454734,2.697588212268985,0.0,0.0,3.990829267707916,3.990829027167813,0.0,0.0,0.0,0.0,2.5122440935792,2.5122439845247344,0.0,0.0,4.352237871479594,4.35223775402098,0.0,0.0,2.2751175093933966,2.275117352474888,0.0,0.0,2.022584799495767,2.02258466493525,0.0,0.0,1.674997905693788,1.6749974574430584,0.0,0.0,0.0,0.0,0.30883415066673203,0.3088342623488339,0.0,0.0,2.48718904638788,2.48718900414819,0.0,0.0,4.85075974466539,4.850759292727884,0.0,0.0,1.918782904236645,1.9186934213395532,0.0,0.0,4.31551002417905,4.315509760024222,0.0,0.0,3.2302600851410426,3.2302599803403784,0.0,0.0,2.386776182528387,2.386776195522374,0.0,0.0,0.0,0.0,0.0,0.0,0.0,0.0,0.0,0.0,0.0,0.0,0.0,0.0,6.679864844840896,6.679867866350272,6.679869293057865,0.0,0.0,0.0,8.364446493974784,8.364446503343595,8.364448689784119,0.0,0.0,0.0,0.0,0.0,0.0,0.0,0.0,0.0,0.0,0.0,0.0,0.0,0.0,0.0,47.44114232719087,47.44115533335922,47.44117875691003,0.0,0.0,0.0,21.20289819455553,21.202907988343156,21.202922966240056,0.0,0.0,0.0,0.0,0.0,0.0,0.0,0.0,0.0,0.0,0.0,0.0,0.0,0.0,0.0,0.0,0.0,0.0,0.0,0.0,0.0,0.0,0.0,0.0,0.0,0.0,0.0,0.0,0.0,0.0,0.0,0.0,0.0,0.0,0.0,0.0,3.7310268523895846,3.731027517454337,3.7310277874426334,0.0,0.0,0.0,2.1856027995206198,2.185603109232921,2.1856033075069448,0.0,0.0,0.0,3.76640265985698,3.7664034574243304,3.766403689101147,0.0,0.0,0.0,0.0,0.0,0.0,0.0,0.0,0.0,0.0,0.0,0.0,2018-05-01 13:00:00
-88.39138806837953,-122.88353803197067,-146.63896285627007,0.0,0.0,8.908588056576772,8.908587946774887,0.0,0.0,-20.27827729110031,-20.300218005702853,0.0,0.0,0.0,0.0,3.397853144305939,3.3978779548215754,0.0,0.0,1.2408596960192058,1.2408596958452267,0.0,0.0,1.1693375258194088,1.1693374767730724,0.0,0.0,2.754997755473302,2.7549977014341103,0.0,0.0,3.9838365020485957,3.9838362488377554,0.0,0.0,0.0,0.0,2.595388368917643,2.5953882596038493,0.0,0.0,4.35333520785522,4.353335088455477,0.0,0.0,2.3631430664379174,2.3631428993821055,0.0,0.0,2.0440458307272316,2.0440456991701894,0.0,0.0,1.6759761776717494,1.6759760826674177,0.0,0.0,0.0,0.0,0.2985531523090089,0.2985532614966047,0.0,0.0,2.581042274612848,2.5810422257086967,0.0,0.0,5.062969987052894,5.062969821297607,0.0,0.0,0.1956845523682733,0.19498933943926522,0.0,0.0,4.331902430758158,4.331902162532486,0.0,0.0,3.2180872848860846,3.21808718189659,0.0,0.0,2.3905762395107075,2.390576253435923,0.0,0.0,0.0,0.0,0.0,0.0,0.0,0.0,0.0,0.0,0.0,0.0,0.0,0.0,6.610612917406037,6.6106151388453585,6.610616066329654,0.0,0.0,0.0,8.459290289444741,8.459290357948646,8.459291851706292,0.0,0.0,0.0,0.0,0.0,0.0,0.0,0.0,0.0,0.0,0.0,0.0,0.0,0.0,0.0,47.461002051170354,47.461012963025624,47.46102710680117,0.0,0.0,0.0,21.33922953435725,21.3392370320529,21.33924698230839,0.0,0.0,0.0,0.0,0.0,0.0,0.0,0.0,0.0,0.0,0.0,0.0,0.0,0.0,0.0,0.0,0.0,0.0,0.0,0.0,0.0,0.0,0.0,0.0,0.0,0.0,0.0,0.0,0.0,0.0,0.0,0.0,0.0,0.0,0.0,0.0,4.539637522570516,4.5396381186684955,4.539638353442325,0.0,0.0,0.0,2.3088535557870213,2.3088538070613085,2.3088539630808986,0.0,0.0,0.0,3.782692448881873,3.7826930707845987,3.7826932346557114,0.0,0.0,0.0,0.0,0.0,0.0,0.0,0.0,0.0,0.0,0.0,0.0,2018-05-01 14:00:00
-99.34061564035586,-128.02208647686564,-146.76318741503178,0.0,0.0,9.309556589629006,9.309556407954442,0.0,0.0,-14.268762172791028,-14.284842138900682,0.0,0.0,0.0,0.0,3.4553406252561802,3.4553486624174714,0.0,0.0,1.2417278568124854,1.24172785615597,0.0,0.0,1.1704950171287676,1.170494968133518,0.0,0.0,2.7592138338947843,2.7592137804067747,0.0,0.0,3.9767667864962633,3.9767665328232487,0.0,0.0,0.0,0.0,2.603985556792538,2.60398544740969,0.0,0.0,4.35484625446756,4.354846137463868,0.0,0.0,2.360544402539064,2.360544236826276,0.0,0.0,2.046620625230915,2.0466204964461476,0.0,0.0,1.6771972739204228,1.677197186695127,0.0,0.0,0.0,0.0,0.28620283061209095,0.28620293624900295,0.0,0.0,2.602150961047631,2.602150910492253,0.0,0.0,5.052812175961117,5.0528116029152415,0.0,0.0,3.0538046955329774,3.053487067153484,0.0,0.0,4.3369359869475925,4.336935716889224,0.0,0.0,3.222718925656939,3.222718822411758,0.0,0.0,2.4024332865277467,2.4024333018062003,0.0,0.0,0.0,0.0,0.0,0.0,0.0,0.0,0.0,0.0,0.0,0.0,0.0,0.0,6.602065585879725,6.602066618619309,6.602066781277121,0.0,0.0,0.0,8.46863466118925,8.468634895499237,8.468635305032771,0.0,0.0,0.0,0.0,0.0,0.0,0.0,0.0,0.0,0.0,0.0,0.0,0.0,0.0,0.0,47.44344473948802,47.443453284240746,47.4434546901858,0.0,0.0,0.0,21.400388408942884,21.40039294295699,21.40039535690108,0.0,0.0,0.0,0.0,0.0,0.0,0.0,0.0,0.0,0.0,0.0,0.0,0.0,0.0,0.0,0.0,0.0,0.0,0.0,0.0,0.0,0.0,0.0,0.0,0.0,0.0,0.0,0.0,0.0,0.0,0.0,0.0,0.0,0.0,0.0,0.0,3.758995432644997,3.7589957450013927,3.758995730329068,0.0,0.0,0.0,2.3819381200475522,2.381938287509318,2.3819383036076975,0.0,0.0,0.0,3.794909957841463,3.79491032427375,3.794910276993006,0.0,0.0,0.0,0.0,0.0,0.0,0.0,0.0,0.0,0.0,0.0,0.0,2018-05-01 15:00:00
